indicator,indicator_display,specification,sample,term,term_interpretation,coefficient,std_error,ci95_low,ci95_high,p_value,n_obs,n_economies,n_years,first_year,last_year,r_squared,adjusted_r_squared,aic,bic,log_gdp_center,governance_center,covariance,p_value_holm,significant_holm_5pct
government_effectiveness,Government Effectiveness,First-difference governance interaction,First-difference consecutive-year sample,d_log_gdp,Short-run GDP-emissions elasticity component,0.4896117118859954,0.07492706307281023,0.3418258355768147,0.6373975881951761,5.596449940087182e-10,4157,193,22,2003,2024,0.12588763509932965,0.1208105061647663,-8022.428344307351,-7864.114620826035,8.59229001945969,50.93973615281314,Economy-clustered SE; finite-sample correction; t-based inference,,False
government_effectiveness,Government Effectiveness,First-difference governance interaction,First-difference consecutive-year sample,d_gov_c10,Association of a 10-point governance change with emissions growth,0.009144151746004166,0.00817304431281487,-0.006976332179935584,0.025264635671943918,0.26461544701496986,4157,193,22,2003,2024,0.12588763509932965,0.1208105061647663,-8022.428344307351,-7864.114620826035,8.59229001945969,50.93973615281314,Economy-clustered SE; finite-sample correction; t-based inference,,False
government_effectiveness,Government Effectiveness,First-difference governance interaction,First-difference consecutive-year sample,d_gdp_x_gov,First-difference governance moderation term,-0.0017756411878114466,0.006028106606468301,-0.013665457507668788,0.010114175132045895,0.7686479877047476,4157,193,22,2003,2024,0.12588763509932965,0.1208105061647663,-8022.428344307351,-7864.114620826035,8.59229001945969,50.93973615281314,Economy-clustered SE; finite-sample correction; t-based inference,0.7686479877047476,False
regulatory_quality,Regulatory Quality,First-difference governance interaction,First-difference consecutive-year sample,d_log_gdp,Short-run GDP-emissions elasticity component,0.4843359359087172,0.07349285737623046,0.33937888188329124,0.6292929899341432,4.1239304671273746e-10,4157,193,22,2003,2024,0.12664188184945946,0.12156913382535184,-8026.016850053693,-7867.703126572377,8.591565948649896,54.61541084235584,Economy-clustered SE; finite-sample correction; t-based inference,,False
regulatory_quality,Regulatory Quality,First-difference governance interaction,First-difference consecutive-year sample,d_gov_c10,Association of a 10-point governance change with emissions growth,0.004043638562653971,0.009373610974640565,-0.014444838834657855,0.022532115959965796,0.6666721653213192,4157,193,22,2003,2024,0.12664188184945946,0.12156913382535184,-8026.016850053693,-7867.703126572377,8.591565948649896,54.61541084235584,Economy-clustered SE; finite-sample correction; t-based inference,,False
regulatory_quality,Regulatory Quality,First-difference governance interaction,First-difference consecutive-year sample,d_gdp_x_gov,First-difference governance moderation term,-0.012486267307433529,0.007010330811954404,-0.026313419203874124,0.0013408845890070641,0.07647317162733949,4157,193,22,2003,2024,0.12664188184945946,0.12156913382535184,-8026.016850053693,-7867.703126572377,8.591565948649896,54.61541084235584,Economy-clustered SE; finite-sample correction; t-based inference,0.15294634325467898,False
rule_of_law,Rule of Law,First-difference governance interaction,First-difference consecutive-year sample,d_log_gdp,Short-run GDP-emissions elasticity component,0.4817559131847422,0.07197132307261671,0.33980459293988863,0.6237072334295958,2.3052721340394067e-10,4187,194,22,2003,2024,0.12596629746271104,0.12092621844759943,-8066.4112363391905,-7907.917742188712,8.591212588905243,56.240730655015206,Economy-clustered SE; finite-sample correction; t-based inference,,False
rule_of_law,Rule of Law,First-difference governance interaction,First-difference consecutive-year sample,d_gov_c10,Association of a 10-point governance change with emissions growth,-0.002899630315006973,0.008932098070002194,-0.020516690269761828,0.014717429639747884,0.7458124260724637,4187,194,22,2003,2024,0.12596629746271104,0.12092621844759943,-8066.4112363391905,-7907.917742188712,8.591212588905243,56.240730655015206,Economy-clustered SE; finite-sample correction; t-based inference,,False
rule_of_law,Rule of Law,First-difference governance interaction,First-difference consecutive-year sample,d_gdp_x_gov,First-difference governance moderation term,-0.014404127314572787,0.006701773459966035,-0.027622247393652655,-0.0011860072354929196,0.03285558576442975,4187,194,22,2003,2024,0.12596629746271104,0.12092621844759943,-8066.4112363391905,-7907.917742188712,8.591212588905243,56.240730655015206,Economy-clustered SE; finite-sample correction; t-based inference,0.09856675729328924,False
