iso3c,country,region,first_year,last_year,n_years,within_log_gdp_sd,within_log_co2_sd,missing_years,coverage_pct,is_balanced_1990_2024
ABW,Aruba,Global_South,1990,2024,35,0.07575923854253089,0.17617893227511583,,100.0,True
AFG,Afghanistan,Global_South,2000,2023,24,0.23678593021314956,0.8428750450351392,"1990,1991,1992,1993,1994,1995,1996,1997,1998,1999,2024",68.57142857142857,False
AGO,Angola,Global_South,1990,2024,35,0.22609343710091567,0.1505691942045546,,100.0,True
ALB,Albania,Europe_NorthAmerica,1990,2024,35,0.5189348911181947,0.4057902135235542,,100.0,True
ARE,United Arab Emirates,Global_South,1990,2024,35,0.1610559691915758,0.15389956082719727,,100.0,True
ARG,Argentina,Global_South,1990,2024,35,0.15369206296644566,0.11983887394050449,,100.0,True
ARM,Armenia,Global_South,1990,2024,35,0.5959352775820086,0.4706981450939905,,100.0,True
ASM,American Samoa,Global_South,2002,2022,21,0.03946004865339952,0.05292375559306505,"1990,1991,1992,1993,1994,1995,1996,1997,1998,1999,2000,2001,2023,2024",60.0,False
ATG,Antigua and Barbuda,Global_South,1990,2024,35,0.1174506764198717,0.20710571394795324,,100.0,True
AUS,Australia,DevelopedAsia_Oceania,1990,2024,35,0.1716039201425757,0.09135055441944753,,100.0,True
AUT,Austria,Europe_NorthAmerica,1990,2024,35,0.12932380333177557,0.10548486883296593,,100.0,True
AZE,Azerbaijan,Global_South,1990,2024,35,0.608369551514522,0.21908860855327736,,100.0,True
BDI,Burundi,Global_South,1990,2024,35,0.12632950433633539,0.3077510212098322,,100.0,True
BEL,Belgium,Europe_NorthAmerica,1990,2024,35,0.12787316994227726,0.1692126248266135,,100.0,True
BEN,Benin,Global_South,1990,2024,35,0.1533206277812154,0.7796695970138038,,100.0,True
BFA,Burkina Faso,Global_South,1990,2024,35,0.2665738423185596,0.6652019115911136,,100.0,True
BGD,Bangladesh,Global_South,1990,2024,35,0.4483574003345295,0.574866545738071,,100.0,True
BGR,Bulgaria,Europe_NorthAmerica,1990,2024,35,0.33862636471156865,0.10142948045386782,,100.0,True
BHR,Bahrain,Global_South,1990,2024,35,0.062066586200311205,0.06849567261687839,,100.0,True
BHS,"Bahamas, The",Global_South,1990,2024,35,0.0709081708878831,0.15987876210199037,,100.0,True
BIH,Bosnia and Herzegovina,Europe_NorthAmerica,1990,2024,35,0.6903980494547617,0.5611350439735119,,100.0,True
BLR,Belarus,Europe_NorthAmerica,1990,2024,35,0.43841372815108215,0.14454561291703996,,100.0,True
BLZ,Belize,Global_South,1990,2024,35,0.11301309903783253,0.2099188181799392,,100.0,True
BMU,Bermuda,Europe_NorthAmerica,1990,2024,35,0.12613610683629206,0.2071290049837395,,100.0,True
BOL,Bolivia,Global_South,1990,2024,35,0.21482222104605797,0.2802874429562041,,100.0,True
BRA,Brazil,Global_South,1990,2024,35,0.1521880423047133,0.15669416578283982,,100.0,True
BRB,Barbados,Global_South,1990,2024,35,0.08684361455342643,0.1085796906031901,,100.0,True
BRN,Brunei Darussalam,Global_South,1990,2024,35,0.13176670500610782,0.09443407916770351,,100.0,True
BTN,Bhutan,Global_South,1990,2023,34,0.49190448674673554,0.6099462450696059,2024,97.14285714285714,False
BWA,Botswana,Global_South,1990,2024,35,0.17711944220407658,0.18051132087730173,,100.0,True
CAF,Central African Republic,Global_South,1990,2024,35,0.11312188957670083,0.18282576448762536,,100.0,True
CAN,Canada,Europe_NorthAmerica,1990,2024,35,0.1302929651900403,0.0680967518195841,,100.0,True
CHE,Switzerland,Europe_NorthAmerica,1990,2024,35,0.09907877204677996,0.1795418432428664,,100.0,True
CHL,Chile,Global_South,1990,2024,35,0.30015555423541773,0.22361833446017365,,100.0,True
CHN,China,China,1990,2024,35,0.8282264495533732,0.5222370191264539,,100.0,True
CIV,Cote d'Ivoire,Global_South,1990,2024,35,0.14924155210107307,0.27903851639851796,,100.0,True
CMR,Cameroon,Global_South,1990,2024,35,0.10736574499116706,0.06838889136783394,,100.0,True
COD,"Congo, Dem. Rep.",Global_South,1990,2024,35,0.22007935992052174,0.19262475200516546,,100.0,True
COG,"Congo, Rep.",Global_South,1990,2024,35,0.11210624055861594,0.14374799797177823,,100.0,True
COL,Colombia,Global_South,1990,2024,35,0.2103860095039516,0.08975619346316593,,100.0,True
COM,Comoros,Global_South,1990,2024,35,0.06446702985663225,0.5740711022314419,,100.0,True
CPV,Cabo Verde,Global_South,1990,2024,35,0.510029866609532,0.9123436893702324,,100.0,True
CRI,Costa Rica,Global_South,1990,2024,35,0.2700691782519543,0.14749658482852904,,100.0,True
CUB,Cuba,Global_South,1990,2024,35,0.3161236555206797,0.14459294494199185,,100.0,True
CYM,Cayman Islands,Global_South,2006,2023,18,0.07970498371409984,0.14377327910104915,"1990,1991,1992,1993,1994,1995,1996,1997,1998,1999,2000,2001,2002,2003,2004,2005,2024",51.42857142857142,False
CYP,Cyprus,Europe_NorthAmerica,1990,2024,35,0.17847598970188502,0.1382195194995431,,100.0,True
CZE,Czechia,Europe_NorthAmerica,1990,2024,35,0.22801405461008512,0.17381909363291087,,100.0,True
DEU,Germany,Europe_NorthAmerica,1990,2024,35,0.12788831145833257,0.14432842404641671,,100.0,True
DJI,Djibouti,Global_South,2013,2024,12,0.12869523858853457,0.0982421912930311,"1990,1991,1992,1993,1994,1995,1996,1997,1998,1999,2000,2001,2002,2003,2004,2005,2006,2007,2008,2009,2010,2011,2012",34.285714285714285,False
DMA,Dominica,Global_South,1990,2024,35,0.15410272218830673,0.3751256174079586,,100.0,True
DNK,Denmark,Europe_NorthAmerica,1990,2024,35,0.12060941001510185,0.3463481975727755,,100.0,True
DOM,Dominican Republic,Global_South,1990,2024,35,0.36331512521784826,0.246874127406329,,100.0,True
DZA,Algeria,Global_South,1990,2024,35,0.13847768453047526,0.1551567443232716,,100.0,True
ECU,Ecuador,Global_South,1990,2024,35,0.17084390131540447,0.1664677374516274,,100.0,True
EGY,"Egypt, Arab Rep.",Global_South,1990,2024,35,0.2389698031793279,0.18463595077028394,,100.0,True
ERI,Eritrea,Global_South,1992,2011,20,0.09999435854655007,0.31189483817679076,"1990,1991,2012,2013,2014,2015,2016,2017,2018,2019,2020,2021,2022,2023,2024",57.14285714285714,False
ESP,Spain,Europe_NorthAmerica,1990,2024,35,0.12733361631385173,0.17690638834628536,,100.0,True
EST,Estonia,Europe_NorthAmerica,1990,2024,35,0.3828881253469272,0.248171155745267,,100.0,True
ETH,Ethiopia,Global_South,1990,2024,35,0.4885335466248505,0.46893516745333813,,100.0,True
FIN,Finland,Europe_NorthAmerica,1990,2024,35,0.16932457215152322,0.23972120263131247,,100.0,True
FJI,Fiji,Global_South,1990,2024,35,0.15940879847909517,0.16584461892997868,,100.0,True
FRA,France,Europe_NorthAmerica,1990,2024,35,0.10715570751367008,0.16051428007359198,,100.0,True
FRO,Faroe Islands,Europe_NorthAmerica,2008,2024,17,0.11347224544959071,0.025611436970309022,"1990,1991,1992,1993,1994,1995,1996,1997,1998,1999,2000,2001,2002,2003,2004,2005,2006,2007",48.57142857142857,False
FSM,"Micronesia, Fed. Sts.",Global_South,1990,2024,35,0.05556349172595467,0.1048769692774631,,100.0,True
GAB,Gabon,Global_South,1990,2024,35,0.10688538238474014,0.32911799540142445,,100.0,True
GBR,United Kingdom,Europe_NorthAmerica,1990,2024,35,0.15116103633304048,0.27461593206938617,,100.0,True
GEO,Georgia,Global_South,1990,2024,35,0.5589949033482325,0.5201181238663362,,100.0,True
GHA,Ghana,Global_South,1990,2024,35,0.31279648978286345,0.42167226438264394,,100.0,True
GIN,Guinea,Global_South,1990,2024,35,0.19997381462883274,0.39161928836050613,,100.0,True
GMB,"Gambia, The",Global_South,1990,2024,35,0.05365901977624562,0.2564369227094666,,100.0,True
GNB,Guinea-Bissau,Global_South,1990,2024,35,0.10230277891244506,0.090702971407876,,100.0,True
GNQ,Equatorial Guinea,Global_South,1990,2024,35,1.1520780259020016,1.095732723457563,,100.0,True
GRC,Greece,Europe_NorthAmerica,1990,2024,35,0.13280548273937934,0.20636025613550082,,100.0,True
GRD,Grenada,Global_South,1990,2024,35,0.23089104477069897,0.35111218574119935,,100.0,True
GRL,Greenland,Europe_NorthAmerica,1990,2023,34,0.24294961003893784,3.042319071907969,2024,97.14285714285714,False
GTM,Guatemala,Global_South,1990,2024,35,0.14629469108234708,0.26258947348285533,,100.0,True
GUM,Guam,Global_South,2002,2022,21,0.06055761593067098,0.1826320566055079,"1990,1991,1992,1993,1994,1995,1996,1997,1998,1999,2000,2001,2023,2024",60.0,False
GUY,Guyana,Global_South,1990,2024,35,0.5805800257575885,0.3198529049878994,,100.0,True
HKG,"Hong Kong SAR, China",DevelopedAsia_Oceania,1990,2024,35,0.24853956588869056,0.13323618649970773,,100.0,True
HND,Honduras,Global_South,1990,2024,35,0.4756209611478502,0.27584040595568476,,100.0,True
HRV,Croatia,Europe_NorthAmerica,1990,2024,35,0.2694600807762929,0.12948078837186872,,100.0,True
HTI,Haiti,Global_South,1990,2024,35,0.0693857223965217,0.36625306390187384,,100.0,True
HUN,Hungary,Europe_NorthAmerica,1990,2024,35,0.2576752579770734,0.11657797513061639,,100.0,True
IDN,Indonesia,Global_South,1990,2024,35,0.3280850845919589,0.3037961516472428,,100.0,True
IND,India,India,1990,2024,35,0.47203913564678285,0.35469806515903,,100.0,True
IRL,Ireland,Europe_NorthAmerica,1990,2024,35,0.4151016841658427,0.18831491950812626,,100.0,True
IRN,"Iran, Islamic Rep.",Global_South,1990,2024,35,0.17598066848479244,0.27682734270429654,,100.0,True
IRQ,Iraq,Global_South,1990,2024,35,0.3482157754471186,0.19644269865111705,,100.0,True
ISL,Iceland,Europe_NorthAmerica,1990,2024,35,0.17269362262626953,0.11057034387030179,,100.0,True
ISR,Israel,DevelopedAsia_Oceania,1990,2024,35,0.186529815072456,0.14139609079433582,,100.0,True
ITA,Italy,Europe_NorthAmerica,1990,2024,35,0.06379338740355925,0.16856426390669796,,100.0,True
JAM,Jamaica,Global_South,1990,2024,35,0.05321456102144255,0.19837927292795873,,100.0,True
JOR,Jordan,Global_South,1990,2024,35,0.1282927531621982,0.15013550503386502,,100.0,True
JPN,Japan,DevelopedAsia_Oceania,1990,2024,35,0.07484398183158814,0.06685520699574088,,100.0,True
KAZ,Kazakhstan,Global_South,1990,2024,35,0.4215370930330806,0.18812012431026406,,100.0,True
KEN,Kenya,Global_South,1990,2024,35,0.13548847087377153,0.18613500771882485,,100.0,True
KGZ,Kyrgyz Republic,Global_South,1990,2024,35,0.23549635900142407,0.3973402739642637,,100.0,True
KHM,Cambodia,Global_South,1990,2024,35,0.4878795104331343,0.9261588990343141,,100.0,True
KIR,Kiribati,Global_South,1990,2024,35,0.1247487808719092,0.4200200114816451,,100.0,True
KNA,St. Kitts and Nevis,Global_South,1990,2024,35,0.250841766341499,0.477023785515545,,100.0,True
KOR,"Korea, Rep.",DevelopedAsia_Oceania,1990,2024,35,0.39612813902412614,0.19646355756498948,,100.0,True
KWT,Kuwait,Global_South,1990,2024,35,0.20845083849617685,0.16843775790463267,,100.0,True
LAO,Lao PDR,Global_South,1990,2024,35,0.49812487037222897,1.3879550003780468,,100.0,True
LBN,Lebanon,Global_South,1990,2023,34,0.24895863732506568,0.28081397196856844,2024,97.14285714285714,False
LBR,Liberia,Global_South,1990,2024,35,0.33785452667794597,0.27879059484506946,,100.0,True
LBY,Libya,Global_South,1990,2024,35,0.22532334482145944,0.11392800879171103,,100.0,True
LCA,St. Lucia,Global_South,1990,2024,35,0.10062835737782824,0.4103131123789566,,100.0,True
LKA,Sri Lanka,Global_South,1990,2024,35,0.4029141360250248,0.41885196101083294,,100.0,True
LSO,Lesotho,Global_South,1990,2024,35,0.22691869123118807,0.7035085963462692,,100.0,True
LTU,Lithuania,Europe_NorthAmerica,1990,2024,35,0.44782617254142754,0.21801396931640932,,100.0,True
LUX,Luxembourg,Europe_NorthAmerica,1990,2024,35,0.16104652047887894,0.3041508040775888,,100.0,True
LVA,Latvia,Europe_NorthAmerica,1990,2024,35,0.44089914854518486,0.17959844466646954,,100.0,True
MAC,"Macao SAR, China",DevelopedAsia_Oceania,1990,2024,35,0.3980488812151757,0.16412918137621238,,100.0,True
MAR,Morocco,Global_South,1990,2024,35,0.251321871337,0.2378435650763929,,100.0,True
MDA,Moldova,Europe_NorthAmerica,1990,2024,35,0.3495798756481544,0.34549883684424865,,100.0,True
MDG,Madagascar,Global_South,1990,2024,35,0.0487027229507794,0.21881997794900152,,100.0,True
MDV,Maldives,Global_South,1990,2024,35,0.28162894606973266,0.6795200552405839,,100.0,True
MEX,Mexico,Global_South,1990,2024,35,0.0749661423773426,0.06830935645271104,,100.0,True
MHL,Marshall Islands,Global_South,1990,2024,35,0.20054936283991884,0.09009614527466019,,100.0,True
MKD,North Macedonia,Europe_NorthAmerica,1990,2024,35,0.27756291133781913,0.08247672996023536,,100.0,True
MLI,Mali,Global_South,1990,2024,35,0.12845463675815255,0.8066959721025582,,100.0,True
MLT,Malta,Europe_NorthAmerica,1990,2024,35,0.36343260794069987,0.3071565126345759,,100.0,True
MMR,Myanmar,Global_South,1990,2024,35,0.7537355101231489,0.5739305278163245,,100.0,True
MNG,Mongolia,Global_South,1990,2024,35,0.42608980087845555,0.25666343148294124,,100.0,True
MNP,Northern Mariana Islands,Global_South,2002,2022,21,0.19458994240097438,0.11247941675447304,"1990,1991,1992,1993,1994,1995,1996,1997,1998,1999,2000,2001,2023,2024",60.0,False
MOZ,Mozambique,Global_South,1990,2024,35,0.402615355180395,0.5277301951821097,,100.0,True
MRT,Mauritania,Global_South,1990,2024,35,0.0759948472378757,0.33434970675707915,,100.0,True
MUS,Mauritius,Global_South,1990,2024,35,0.3428426154524143,0.36518348033083703,,100.0,True
MWI,Malawi,Global_South,1990,2024,35,0.17275059078773417,0.1935577920434427,,100.0,True
MYS,Malaysia,Global_South,1990,2024,35,0.28614241255642875,0.24543033606907333,,100.0,True
NAM,Namibia,Global_South,1990,2024,35,0.17064967355572402,0.16122766215336146,,100.0,True
NER,Niger,Global_South,1990,2024,35,0.11479454462812043,0.28115188935882324,,100.0,True
NGA,Nigeria,Global_South,1990,2024,35,0.2256686534170711,0.16391013859153059,,100.0,True
NIC,Nicaragua,Global_South,1990,2024,35,0.21417829779601597,0.1905359795009822,,100.0,True
NLD,Netherlands,Europe_NorthAmerica,1990,2024,35,0.1501095651725793,0.14993090669997244,,100.0,True
NOR,Norway,Europe_NorthAmerica,1990,2024,35,0.13282645087299863,0.08342062190596931,,100.0,True
NPL,Nepal,Global_South,1990,2024,35,0.3199412686075611,0.7236089065510134,,100.0,True
NZL,New Zealand,DevelopedAsia_Oceania,1990,2024,35,0.16425047699862086,0.10065207424363469,,100.0,True
OMN,Oman,Global_South,1990,2024,35,0.07653215502342474,0.27717264948076914,,100.0,True
PAK,Pakistan,Global_South,1990,2024,35,0.17577097436741015,0.14020633179578038,,100.0,True
PAN,Panama,Global_South,1990,2024,35,0.4113413092946445,0.2631179267182696,,100.0,True
PER,Peru,Global_South,1990,2024,35,0.3337081538918258,0.26750038682461236,,100.0,True
PHL,Philippines,Global_South,1990,2024,35,0.28834844228487416,0.2115851491574388,,100.0,True
PLW,Palau,Global_South,1990,2023,34,0.08283166105425135,0.31445451719699336,2024,97.14285714285714,False
PNG,Papua New Guinea,Global_South,1990,2024,35,0.12058054342349857,0.14360558337589638,,100.0,True
POL,Poland,Europe_NorthAmerica,1990,2024,35,0.4100105280841614,0.06605490057711116,,100.0,True
PRI,Puerto Rico (US),Global_South,1990,2024,35,0.1482662765758327,0.2708937824114699,,100.0,True
PRT,Portugal,Europe_NorthAmerica,1990,2024,35,0.11644231701306418,0.17313948405586435,,100.0,True
PRY,Paraguay,Global_South,1990,2024,35,0.1803915278560333,0.25122138253982096,,100.0,True
PYF,French Polynesia,Global_South,1990,2024,35,0.08360758403148615,0.13224526671245848,,100.0,True
QAT,Qatar,Global_South,1990,2024,35,0.2233037381551748,0.10198141059346917,,100.0,True
ROU,Romania,Europe_NorthAmerica,1990,2024,35,0.3756924858493404,0.1807759692351531,,100.0,True
RUS,Russian Federation,Europe_NorthAmerica,1990,2024,35,0.2825680225111883,0.0932959120756544,,100.0,True
RWA,Rwanda,Global_South,1990,2024,35,0.44339004828536405,0.2781025635734544,,100.0,True
SAU,Saudi Arabia,Global_South,1990,2024,35,0.07816867137595736,0.08790844624219428,,100.0,True
SDN,Sudan,Global_South,1990,2024,35,0.22042248937497882,0.4192048391728999,,100.0,True
SEN,Senegal,Global_South,1990,2024,35,0.13802156476863603,0.31101031864389367,,100.0,True
SGP,Singapore,DevelopedAsia_Oceania,1990,2024,35,0.32667935168195394,0.0803824955429403,,100.0,True
SLB,Solomon Islands,Global_South,1990,2024,35,0.10614082592997624,0.18448948929932926,,100.0,True
SLE,Sierra Leone,Global_South,1990,2024,35,0.15484772520089124,0.17926463411517124,,100.0,True
SLV,El Salvador,Global_South,1990,2024,35,0.18420106767222413,0.24222819137236284,,100.0,True
SOM,"Somalia, Fed. Rep.",Global_South,1990,2024,35,0.3009148178920703,0.16630627486724092,,100.0,True
STP,Sao Tome and Principe,Global_South,1990,2024,35,0.15945703019062318,0.2812674721601793,,100.0,True
SUR,Suriname,Global_South,1990,2024,35,0.1443334759127431,0.2191899976403903,,100.0,True
SVK,Slovak Republic,Europe_NorthAmerica,1990,2024,35,0.3478391625548169,0.15883730859308393,,100.0,True
SVN,Slovenia,Europe_NorthAmerica,1990,2024,35,0.2370156063766223,0.11553713071996698,,100.0,True
SWE,Sweden,Europe_NorthAmerica,1990,2024,35,0.16550072443502112,0.2536224902286076,,100.0,True
SWZ,Eswatini,Global_South,1990,2024,35,0.23360700440588306,0.1744727657323432,,100.0,True
SYC,Seychelles,Global_South,1990,2024,35,0.22748876137532512,0.376152976814539,,100.0,True
SYR,Syrian Arab Republic,Global_South,1990,2022,33,0.24887927722005423,0.29382256839483817,"2023,2024",94.28571428571428,False
TCA,Turks and Caicos Islands,Global_South,2007,2024,18,0.27764461232642185,0.421058201663822,"1990,1991,1992,1993,1994,1995,1996,1997,1998,1999,2000,2001,2002,2003,2004,2005,2006",51.42857142857142,False
TCD,Chad,Global_South,1990,2024,35,0.2343270636730996,0.7361791289592713,,100.0,True
TGO,Togo,Global_South,1990,2024,35,0.12007263663523765,0.2802984615334933,,100.0,True
THA,Thailand,Global_South,1990,2024,35,0.27175746475050255,0.226528834088117,,100.0,True
TJK,Tajikistan,Global_South,1990,2024,35,0.41997436283287054,0.4628093454415748,,100.0,True
TKM,Turkmenistan,Global_South,1990,2024,35,0.4882990694153703,0.1857330157729736,,100.0,True
TLS,Timor-Leste,Global_South,1990,2024,35,0.2790264222840884,0.6233570860241691,,100.0,True
TON,Tonga,Global_South,1990,2023,34,0.11610632440156717,0.18969943932440925,2024,97.14285714285714,False
TTO,Trinidad and Tobago,Global_South,1990,2024,35,0.40216281125975784,0.3926105954135006,,100.0,True
TUN,Tunisia,Global_South,1990,2024,35,0.22765784151622356,0.13040255653026525,,100.0,True
TUR,Turkiye,Global_South,1990,2024,35,0.34763117295025386,0.23842540008009777,,100.0,True
TZA,Tanzania,Global_South,1990,2024,35,0.28007419342428946,0.5094094138344704,,100.0,True
UGA,Uganda,Global_South,1990,2024,35,0.3213441873535857,0.505982850592474,,100.0,True
UKR,Ukraine,Europe_NorthAmerica,1990,2024,35,0.2318793357661692,0.38253373370216254,,100.0,True
URY,Uruguay,Global_South,1990,2024,35,0.26295960350069075,0.2034922435417768,,100.0,True
USA,United States,Europe_NorthAmerica,1990,2024,35,0.155374088338187,0.1443829665494395,,100.0,True
UZB,Uzbekistan,Global_South,1990,2024,35,0.4134711001368101,0.16641299929257902,,100.0,True
VCT,St. Vincent and the Grenadines,Global_South,1990,2024,35,0.26680204801437024,0.48176792994613366,,100.0,True
VEN,"Venezuela, RB",Global_South,1990,2024,35,0.41120735717778645,0.23305280013511265,,100.0,True
VIR,Virgin Islands (U.S.),Global_South,2002,2022,21,0.14135034851516182,0.008799225529304585,"1990,1991,1992,1993,1994,1995,1996,1997,1998,1999,2000,2001,2023,2024",60.0,False
VNM,Viet Nam,Global_South,1990,2024,35,0.526576032016323,0.7987268363326281,,100.0,True
VUT,Vanuatu,Global_South,1990,2024,35,0.04485648109157045,0.363363131216223,,100.0,True
WSM,Samoa,Global_South,1990,2024,35,0.21678896877704337,0.29723241511293114,,100.0,True
YEM,"Yemen, Rep.",Global_South,1990,2018,29,0.21027253728806677,0.3469090577677908,"2019,2020,2021,2022,2023,2024",82.85714285714286,False
ZAF,South Africa,Global_South,1990,2024,35,0.13911067378634032,0.0930213747298379,,100.0,True
ZMB,Zambia,Global_South,1990,2024,35,0.21342778955181632,0.37397033908900223,,100.0,True
ZWE,Zimbabwe,Global_South,1990,2024,35,0.2001348616650554,0.33207477162720417,,100.0,True
