iso3c,country,region,region_display,n_total_changes,n_gdp_expansions,n_absolute_decoupling,n_relative_decoupling,n_coupled_expansion,n_any_decoupling,share_gdp_expansion_of_all_changes,share_absolute_of_expansions,share_relative_of_expansions,share_coupled_of_expansions,share_any_decoupling_of_expansions,mean_gdp_change_pct_during_expansions,median_gdp_change_pct_during_expansions,mean_co2_change_pct_during_expansions,median_co2_change_pct_during_expansions,population_weighted_share_absolute,population_weighted_share_relative,population_weighted_share_coupled,population_weighted_share_any_decoupling,dominant_expansion_classification
ABW,Aruba,Global_South,Global South,34,22,7,5,10,12,0.6470588235294118,0.3181818181818182,0.22727272727272727,0.45454545454545453,0.5454545454545454,3.9624030096009237,2.895915647760894,2.5151299952607706,3.9712391591079754,0.3180279782862676,0.24545979821116262,0.43651222350256974,0.5634877764974302,Coupled expansion
AFG,Afghanistan,Global_South,Global South,23,12,4,1,7,5,0.5217391304347826,0.3333333333333333,0.08333333333333333,0.5833333333333334,0.4166666666666667,7.137004862463114,4.864524459153186,17.423130237009527,4.2889364461278,0.35273997813945657,0.06528062509475874,0.5819793967657847,0.4180206032342153,Coupled expansion
AGO,Angola,Global_South,Global South,34,17,5,6,6,11,0.5,0.29411764705882354,0.35294117647058826,0.35294117647058826,0.6470588235294118,5.12643438025245,4.3700877861330145,1.8154670813924554,0.6682882572377702,0.2993082323644247,0.29793458074852636,0.4027571868870489,0.5972428131129511,Tie
ALB,Albania,Europe_NorthAmerica,Europe & North America,34,30,11,10,9,21,0.8823529411764706,0.36666666666666664,0.3333333333333333,0.3,0.7,6.529037407957173,5.688686681801691,4.898632417634777,3.131666595773086,0.3620889492005553,0.33888548492276893,0.2990255658766758,0.7009744341233243,Absolute decoupling
ARE,United Arab Emirates,Global_South,Global South,34,16,9,4,3,13,0.47058823529411764,0.5625,0.25,0.1875,0.8125,1.7827624469678185,2.0235337095410144,-1.4553931747131132,-0.5539204198016345,0.6063065425974825,0.21630251346175466,0.17739094394076285,0.8226090560592372,Absolute decoupling
ARG,Argentina,Global_South,Global South,34,20,1,13,6,14,0.5882352941176471,0.05,0.65,0.3,0.7,5.74472733760963,6.602719259386669,3.972500500306558,3.5133531265268303,0.05651866252667768,0.6399584439833035,0.3035228934900188,0.6964771065099812,Relative decoupling
ARM,Armenia,Global_South,Global South,34,29,10,8,11,18,0.8529411764705882,0.3448275862068966,0.27586206896551724,0.3793103448275862,0.6206896551724138,7.70811263184412,7.602947750748346,3.4958268236077603,5.1607313766844465,0.34535615582502843,0.275765762621238,0.3788780815537336,0.6211219184462664,Coupled expansion
ASM,American Samoa,Global_South,Global South,20,12,0,9,3,9,0.6,0.0,0.75,0.25,0.75,2.23751490046468,1.7261940675804888,0.8921404814011898,0.95514555309959,0.0,0.7567118225635187,0.24328817743648137,0.7567118225635187,Relative decoupling
ATG,Antigua and Barbuda,Global_South,Global South,34,24,7,7,10,14,0.7058823529411765,0.2916666666666667,0.2916666666666667,0.4166666666666667,0.5833333333333334,4.192455866836261,3.4266130396760186,1.6857000048887505,2.967450082836165,0.2711571191672308,0.3073210269347511,0.42152185389801816,0.5784781461019819,Coupled expansion
AUS,Australia,DevelopedAsia_Oceania,Developed Asia & Oceania,34,29,15,13,1,28,0.8529411764705882,0.5172413793103449,0.4482758620689655,0.034482758620689655,0.9655172413793104,1.930406872760766,1.9073909576527992,-0.24843948404311586,-0.3394951010804226,0.5648861700598964,0.40517451963964435,0.02993931030045926,0.9700606896995407,Absolute decoupling
AUT,Austria,Europe_NorthAmerica,Europe & North America,34,27,11,5,11,16,0.7941176470588235,0.4074074074074074,0.18518518518518517,0.4074074074074074,0.5925925925925926,2.019107444901456,1.9862629640022167,0.5208632692122045,0.47868837622428995,0.4112148062266587,0.18010375586349228,0.40868143790984907,0.591318562090151,Tie
AZE,Azerbaijan,Global_South,Global South,34,24,11,5,8,16,0.7058823529411765,0.4583333333333333,0.20833333333333334,0.3333333333333333,0.6666666666666666,8.018112932980847,5.806536717576893,-0.3164084731485592,0.9402765010643854,0.4349921136565138,0.19941395485827296,0.36559393148521324,0.6344060685147868,Absolute decoupling
BDI,Burundi,Global_South,Global South,34,18,8,0,10,8,0.5294117647058824,0.4444444444444444,0.0,0.5555555555555556,0.4444444444444444,1.2479182487316265,1.1535096967255076,6.862431131371461,6.618072360352434,0.4942527022246283,0.0,0.5057472977753716,0.4942527022246283,Coupled expansion
BEL,Belgium,Europe_NorthAmerica,Europe & North America,34,28,15,6,7,21,0.8235294117647058,0.5357142857142857,0.21428571428571427,0.25,0.75,1.8926321805746404,1.5998599190693241,-0.8869947514091463,-1.11105347095527,0.5399423322355787,0.2176357333099012,0.24242193445452004,0.7575780655454799,Absolute decoupling
BEN,Benin,Global_South,Global South,34,27,11,2,14,13,0.7941176470588235,0.4074074074074074,0.07407407407407407,0.5185185185185185,0.48148148148148145,2.3784045419528552,2.1645243905676237,9.442241100289296,3.3856531129559775,0.42692047549760886,0.09439023537875547,0.4786892891236357,0.5213107108763644,Coupled expansion
BFA,Burkina Faso,Global_South,Global South,34,28,6,7,15,13,0.8235294117647058,0.21428571428571427,0.25,0.5357142857142857,0.4642857142857143,3.2433789746873196,3.2301619394179415,9.263804012156944,5.655713875386315,0.22765330631385416,0.2450506593642611,0.5272960343218848,0.47270396567811523,Coupled expansion
BGD,Bangladesh,Global_South,Global South,34,34,4,8,22,12,1.0,0.11764705882352941,0.23529411764705882,0.6470588235294118,0.35294117647058826,4.247838342091495,4.280734155175359,5.223930115210483,5.161002088864885,0.11584289952314893,0.24366374545386282,0.6404933550229882,0.35950664497701174,Coupled expansion
BGR,Bulgaria,Europe_NorthAmerica,Europe & North America,34,27,13,4,10,17,0.7941176470588235,0.48148148148148145,0.14814814814814814,0.37037037037037035,0.6296296296296297,4.78171953084827,4.72028584001869,0.6925034765837054,0.9937055130934125,0.478893305294179,0.1603642053540276,0.36074248935179337,0.6392575106482066,Absolute decoupling
BHR,Bahrain,Global_South,Global South,34,21,8,7,6,15,0.6176470588235294,0.38095238095238093,0.3333333333333333,0.2857142857142857,0.7142857142857143,2.885753552604974,1.918495728888736,1.4072257630060128,0.2683532903309249,0.37500133681754516,0.3361219978272101,0.2888766653552447,0.7111233346447553,Absolute decoupling
BHS,"Bahamas, The",Global_South,Global South,34,21,8,0,13,8,0.6176470588235294,0.38095238095238093,0.0,0.6190476190476191,0.38095238095238093,3.2148731379693736,2.557560461870989,5.193916228966884,8.241886264036967,0.3878640441711825,0.0,0.6121359558288175,0.3878640441711825,Coupled expansion
BIH,Bosnia and Herzegovina,Europe_NorthAmerica,Europe & North America,34,30,10,10,10,20,0.8823529411764706,0.3333333333333333,0.3333333333333333,0.3333333333333333,0.6666666666666666,8.273121975078038,5.066216531015321,5.074846155067905,3.5948696234089694,0.3215611817939313,0.3285523797331362,0.3498864384729325,0.6501135615270675,Tie
BLR,Belarus,Europe_NorthAmerica,Europe & North America,34,25,10,13,2,23,0.7352941176470589,0.4,0.52,0.08,0.92,5.778664580136766,5.263892188146402,0.7457773195286777,1.150297483651297,0.40106340709550103,0.5205776443088233,0.07835894859567573,0.9216410514043243,Relative decoupling
BLZ,Belize,Global_South,Global South,34,21,9,4,8,13,0.6176470588235294,0.42857142857142855,0.19047619047619047,0.38095238095238093,0.6190476190476191,4.1975296958955655,2.0240834732836444,5.242532672580816,2.059900410031368,0.3721448912301576,0.212654436975638,0.41520067179420445,0.5847993282057956,Absolute decoupling
BMU,Bermuda,Europe_NorthAmerica,Europe & North America,34,19,5,9,5,14,0.5588235294117647,0.2631578947368421,0.47368421052631576,0.2631578947368421,0.7368421052631579,3.8840111863267395,3.4011918783493744,1.9570873589532072,1.6043066001352413,0.2620728295587081,0.47412774521088863,0.26379942523040334,0.7362005747695967,Relative decoupling
BOL,Bolivia,Global_South,Global South,34,29,6,4,19,10,0.8529411764705882,0.20689655172413793,0.13793103448275862,0.6551724137931034,0.3448275862068966,2.7598978316424145,2.6837284348756096,4.07853993106862,4.597049368848194,0.19663057588612076,0.14161029228613403,0.6617591318277452,0.3382408681722548,Coupled expansion
BRA,Brazil,Global_South,Global South,34,24,7,8,9,15,0.7058823529411765,0.2916666666666667,0.3333333333333333,0.375,0.625,2.6718909003894225,2.7400077259731592,2.8020414479515487,2.6863050262927457,0.30461026610290426,0.3209109141730276,0.37447881972406816,0.6255211802759318,Coupled expansion
BRB,Barbados,Global_South,Global South,34,22,8,3,11,11,0.6470588235294118,0.36363636363636365,0.13636363636363635,0.5,0.5,2.698648265611242,1.687426509802914,2.067748855847275,2.6353880274417985,0.3608021232028824,0.14027114557679404,0.49892673122032355,0.5010732687796764,Coupled expansion
BRN,Brunei Darussalam,Global_South,Global South,34,14,6,0,8,6,0.4117647058823529,0.42857142857142855,0.0,0.5714285714285714,0.42857142857142855,1.5928246706219762,1.7632974596537787,5.6919302166230805,1.6343811523414575,0.4524336856327419,0.0,0.5475663143672581,0.4524336856327419,Coupled expansion
BTN,Bhutan,Global_South,Global South,33,31,6,9,16,15,0.9393939393939394,0.1935483870967742,0.2903225806451613,0.5161290322580645,0.4838709677419355,5.302640846364116,4.9848158339958815,7.413432847175235,3.7437956441351394,0.19327290019975035,0.291943615611291,0.5147834841889587,0.48521651581104136,Coupled expansion
BWA,Botswana,Global_South,Global South,34,25,11,6,8,17,0.7352941176470589,0.44,0.24,0.32,0.68,4.096577424343708,3.8236308432145316,3.547673793989363,2.8037181711027204,0.4318658808070261,0.23429237699496977,0.33384174219800417,0.6661582578019959,Absolute decoupling
CAF,Central African Republic,Global_South,Global South,34,21,6,5,10,11,0.6176470588235294,0.2857142857142857,0.23809523809523808,0.47619047619047616,0.5238095238095238,2.847467598217796,2.550653269273262,3.948178029403521,1.656172926219579,0.269097500898375,0.2499197273332346,0.48098277176839044,0.5190172282316096,Coupled expansion
CAN,Canada,Europe_NorthAmerica,Europe & North America,34,25,7,10,8,17,0.7352941176470589,0.28,0.4,0.32,0.68,2.061737202628847,1.8484095233752607,0.8019636251826836,1.5429192377974577,0.2816856592761005,0.39607521340494106,0.32223912731895843,0.6777608726810416,Relative decoupling
CHE,Switzerland,Europe_NorthAmerica,Europe & North America,34,24,12,5,7,17,0.7058823529411765,0.5,0.20833333333333334,0.2916666666666667,0.7083333333333334,1.6166598121205549,1.344478228272794,-1.4460298517443178,-0.45674828243377763,0.5079589070129721,0.2088674281089291,0.2831736648780988,0.7168263351219012,Absolute decoupling
CHL,Chile,Global_South,Global South,34,28,7,9,12,16,0.8235294117647058,0.25,0.32142857142857145,0.42857142857142855,0.5714285714285714,4.165072920282954,3.933740430531729,2.7120282813995757,2.2523421738976257,0.24319328344069557,0.3314914647841499,0.4253152517751545,0.5746847482248455,Coupled expansion
CHN,China,China,China,34,34,5,26,3,31,1.0,0.14705882352941177,0.7647058823529411,0.08823529411764706,0.9117647058823529,8.170427353905861,8.02725691487135,4.531930962420596,4.110331635082032,0.14904696790511873,0.7638122947243295,0.08714073737055171,0.9128592626294483,Relative decoupling
CIV,Cote d'Ivoire,Global_South,Global South,34,21,6,4,11,10,0.6176470588235294,0.2857142857142857,0.19047619047619047,0.5238095238095238,0.47619047619047616,3.66830766553853,3.962447374908784,5.540222924999664,4.373302145016855,0.28883504550751565,0.20117866675546864,0.5099862877370157,0.4900137122629843,Coupled expansion
CMR,Cameroon,Global_South,Global South,34,26,18,2,6,20,0.7647058823529411,0.6923076923076923,0.07692307692307693,0.23076923076923078,0.7692307692307693,1.4267182477868614,1.4440558460003916,-0.4268587725772858,-1.5422259060268506,0.689477780475756,0.07089722415990678,0.2396249953643372,0.7603750046356628,Absolute decoupling
COD,"Congo, Dem. Rep.",Global_South,Global South,34,18,8,1,9,9,0.5294117647058824,0.4444444444444444,0.05555555555555555,0.5,0.5,3.697347587823864,3.6830907556356873,4.525838468902828,3.221013308584608,0.46466295454881973,0.04897786647561095,0.48635917897556935,0.5136408210244306,Coupled expansion
COG,"Congo, Rep.",Global_South,Global South,34,13,3,3,7,6,0.38235294117647056,0.23076923076923078,0.23076923076923078,0.5384615384615384,0.46153846153846156,3.416591744809642,3.5317916525502646,3.6394719101005273,4.944379401885501,0.25456876731404887,0.24890387000648426,0.49652736267946684,0.5034726373205332,Coupled expansion
COL,Colombia,Global_South,Global South,34,27,11,7,9,18,0.7941176470588235,0.4074074074074074,0.25925925925925924,0.3333333333333333,0.6666666666666666,2.957607234156607,2.87569627540909,1.1516122555252881,1.3641146489146827,0.40191660692211956,0.26719881310914484,0.33088457996873555,0.6691154200312645,Absolute decoupling
COM,Comoros,Global_South,Global South,34,22,8,3,11,11,0.6470588235294118,0.36363636363636365,0.13636363636363635,0.5,0.5,1.8905208575430985,1.6867993714825613,4.568811287302655,1.22206581972496,0.3466231959358874,0.13238082028884865,0.5209959837752639,0.4790040162247361,Coupled expansion
CPV,Cabo Verde,Global_South,Global South,34,31,10,9,12,19,0.9117647058823529,0.3225806451612903,0.2903225806451613,0.3870967741935484,0.6129032258064516,6.5551124703234604,6.396030486773152,10.673392661617363,4.3454245335339925,0.3143568013896729,0.29205306100049405,0.393590137609833,0.606409862390167,Coupled expansion
CRI,Costa Rica,Global_South,Global South,34,30,12,7,11,19,0.8823529411764706,0.4,0.23333333333333334,0.36666666666666664,0.6333333333333333,3.357093122679027,3.137924099294953,2.8260213400775394,0.7091009426025474,0.39638123151336485,0.2479462692879829,0.35567249919865224,0.6443275008013478,Absolute decoupling
CUB,Cuba,Global_South,Global South,34,27,11,8,8,19,0.7941176470588235,0.4074074074074074,0.2962962962962963,0.2962962962962963,0.7037037037037037,3.6299331697607133,2.764442101962228,0.5407187874640862,1.0009800024866067,0.40878072520621805,0.29736283642121836,0.2938564383725636,0.7061435616274364,Absolute decoupling
CYM,Cayman Islands,Global_South,Global South,17,10,2,0,8,2,0.5882352941176471,0.2,0.0,0.8,0.2,1.6196682976792396,1.3330332448706739,7.3075529794218355,4.964083037308975,0.22146123895022335,0.0,0.7785387610497766,0.22146123895022335,Coupled expansion
CYP,Cyprus,Europe_NorthAmerica,Europe & North America,34,24,10,13,1,23,0.7058823529411765,0.4166666666666667,0.5416666666666666,0.041666666666666664,0.9583333333333334,3.983389324959102,3.6814717222405147,0.6318934831077141,0.5577164815371627,0.4205441518060965,0.541132783616223,0.03832306457768052,0.9616769354223195,Relative decoupling
CZE,Czechia,Europe_NorthAmerica,Europe & North America,34,24,12,10,2,22,0.7058823529411765,0.5,0.4166666666666667,0.08333333333333333,0.9166666666666666,3.471051972696189,3.2316875790242783,-0.7222809074624511,-0.13215293216372603,0.5020024089774447,0.41447582230695984,0.0835217687155954,0.9164782312844046,Absolute decoupling
DEU,Germany,Europe_NorthAmerica,Europe & North America,34,27,19,3,5,22,0.7941176470588235,0.7037037037037037,0.1111111111111111,0.18518518518518517,0.8148148148148148,2.002912870032859,1.705404952047318,-1.0357250323091884,-1.484134709982876,0.7037692162766173,0.11172901160264331,0.18450177212073943,0.8154982278792606,Absolute decoupling
DJI,Djibouti,Global_South,Global South,11,10,4,2,4,6,0.9090909090909091,0.4,0.2,0.4,0.6,4.432190262805483,4.596982334560906,0.05844617259574303,0.21261173432474134,0.37879299215668016,0.21405162101294736,0.40715538683037245,0.5928446131696276,Tie
DMA,Dominica,Global_South,Global South,34,24,6,4,14,10,0.7058823529411765,0.25,0.16666666666666666,0.5833333333333334,0.4166666666666667,3.531524789814977,3.117283671119919,9.15735252367836,5.02038657785474,0.2501530889372381,0.16535061766606887,0.5844962933966931,0.415503706603307,Coupled expansion
DNK,Denmark,Europe_NorthAmerica,Europe & North America,34,27,18,1,8,19,0.7941176470588235,0.6666666666666666,0.037037037037037035,0.2962962962962963,0.7037037037037037,2.0132072345106855,1.9553659214786245,-1.2225085408009895,-5.257292993652552,0.6691157368066118,0.039538423409300305,0.29134583978408785,0.7086541602159122,Absolute decoupling
DOM,Dominican Republic,Global_South,Global South,34,30,9,7,14,16,0.8823529411764706,0.3,0.23333333333333334,0.4666666666666667,0.5333333333333333,4.57009327925378,4.15102218303709,4.2561727801207985,4.249357783583962,0.29995824269773014,0.2528501433176196,0.4471916139846502,0.5528083860153498,Coupled expansion
DZA,Algeria,Global_South,Global South,34,24,6,6,12,12,0.7058823529411765,0.25,0.25,0.5,0.5,2.1177918522895216,1.9841519454398826,1.573715246848442,2.264691893354698,0.2623341945462945,0.22026736204078723,0.5173984434129183,0.4826015565870817,Coupled expansion
ECU,Ecuador,Global_South,Global South,34,22,6,4,12,10,0.6470588235294118,0.2727272727272727,0.18181818181818182,0.5454545454545454,0.45454545454545453,3.260139015374483,2.653862087802328,2.992516632411832,3.454461939330855,0.264926894378363,0.17649100287237451,0.5585821027492625,0.4414178972507375,Coupled expansion
EGY,"Egypt, Arab Rep.",Global_South,Global South,34,30,10,5,15,15,0.8823529411764706,0.3333333333333333,0.16666666666666666,0.5,0.5,2.5841767688074113,2.312649187235416,1.6343210469466287,2.278403445736654,0.3367720281822193,0.1595967406755331,0.5036312311422476,0.49636876885775244,Coupled expansion
ERI,Eritrea,Global_South,Global South,19,10,3,2,5,5,0.5263157894736842,0.3,0.2,0.5,0.5,5.274504647631025,4.828608136191848,2.7656979286379375,5.009130088015301,0.2921104285554677,0.1994927178178692,0.5083968536266631,0.4916031463733369,Coupled expansion
ESP,Spain,Europe_NorthAmerica,Europe & North America,34,26,9,3,14,12,0.7647058823529411,0.34615384615384615,0.11538461538461539,0.5384615384615384,0.46153846153846156,2.6136164579714185,2.2924198511843352,1.5392477777802578,2.720872969918109,0.36174103584519074,0.1149282252432418,0.5233307389115675,0.47666926108843255,Coupled expansion
EST,Estonia,Europe_NorthAmerica,Europe & North America,34,24,10,6,8,16,0.7058823529411765,0.4166666666666667,0.25,0.3333333333333333,0.6666666666666666,6.1123005710735825,6.456221107569238,1.514504067363615,1.3282120718040247,0.4157639794201283,0.2501511909009046,0.3340848296789671,0.6659151703210329,Absolute decoupling
ETH,Ethiopia,Global_South,Global South,34,27,8,7,12,15,0.7941176470588235,0.2962962962962963,0.25925925925925924,0.4444444444444444,0.5555555555555556,6.073626923446596,6.509914563067465,5.280883375859911,5.733147754610113,0.3208896264056251,0.2674213320832607,0.41168904151111424,0.5883109584888857,Coupled expansion
FIN,Finland,Europe_NorthAmerica,Europe & North America,34,24,15,0,9,15,0.7058823529411765,0.625,0.0,0.375,0.625,2.812708763520695,2.5805535753730124,-0.20149095526066074,-2.750082281359295,0.6271298750443509,0.0,0.3728701249556491,0.6271298750443509,Absolute decoupling
FJI,Fiji,Global_South,Global South,34,25,9,5,11,14,0.7352941176470589,0.36,0.2,0.44,0.56,3.8246035358674417,3.013753094685967,4.68996804406095,4.268638292174254,0.36432848693159037,0.19499886904161515,0.4406726440267945,0.5593273559732055,Coupled expansion
FRA,France,Europe_NorthAmerica,Europe & North America,34,29,18,4,7,22,0.8529411764705882,0.6206896551724138,0.13793103448275862,0.2413793103448276,0.7586206896551724,1.6623887318349653,1.498724661774209,-0.8211015917508868,-1.509878976953627,0.623765222702319,0.1408215665226071,0.23541321077507388,0.7645867892249261,Absolute decoupling
FRO,Faroe Islands,Europe_NorthAmerica,Europe & North America,16,12,8,3,1,11,0.75,0.6666666666666666,0.25,0.08333333333333333,0.9166666666666666,3.13443104807679,2.8030607115175576,-0.35308766365231925,-0.7054216513739553,0.6788185021636362,0.23823036043112028,0.08295113740524356,0.9170488625947565,Absolute decoupling
FSM,"Micronesia, Fed. Sts.",Global_South,Global South,34,21,15,4,2,19,0.6176470588235294,0.7142857142857143,0.19047619047619047,0.09523809523809523,0.9047619047619048,2.6175343737836956,2.4457665525580374,4.283629241397322,-0.28567614470577096,0.716074188663382,0.19137734697865452,0.0925484643579634,0.9074515356420366,Absolute decoupling
GAB,Gabon,Global_South,Global South,34,18,12,0,6,12,0.5294117647058824,0.6666666666666666,0.0,0.3333333333333333,0.6666666666666666,1.72487269648527,1.2987137808797344,-1.4241295202515485,-0.42024345436755817,0.6738319316913377,0.0,0.32616806830866235,0.6738319316913377,Absolute decoupling
GBR,United Kingdom,Europe_NorthAmerica,Europe & North America,34,29,22,4,3,26,0.8529411764705882,0.7586206896551724,0.13793103448275862,0.10344827586206896,0.896551724137931,2.32820304662458,2.0872998807228704,-1.8236206761370488,-2.2724483857352595,0.7609313913092589,0.13629986057453347,0.10276874811620758,0.8972312518837924,Absolute decoupling
GEO,Georgia,Global_South,Global South,34,28,11,5,12,16,0.8235294117647058,0.39285714285714285,0.17857142857142858,0.42857142857142855,0.5714285714285714,7.6332998885727985,6.487532138377694,1.998281201332164,5.3644703696520635,0.4122205247343065,0.17110739517608323,0.4166720800896103,0.5833279199103897,Coupled expansion
GHA,Ghana,Global_South,Global South,34,32,8,7,17,15,0.9411764705882353,0.25,0.21875,0.53125,0.46875,3.023912360093934,2.2765547860519986,3.937764115621562,4.102194804975879,0.25770416648977246,0.24443445771412556,0.497861375796102,0.502138624203898,Coupled expansion
GIN,Guinea,Global_South,Global South,34,30,12,4,14,16,0.8823529411764706,0.4,0.13333333333333333,0.4666666666666667,0.5333333333333333,2.4260860852486,1.9801378941483816,3.350289176365212,1.5517414191933199,0.37807522349764866,0.14844781123129283,0.47347696527105854,0.5265230347289415,Coupled expansion
GMB,"Gambia, The",Global_South,Global South,34,20,9,4,7,13,0.5882352941176471,0.45,0.2,0.35,0.65,2.8154632108057682,3.0241159701223985,2.696723400134653,1.0018626090453675,0.4673591242413233,0.21206384783251098,0.32057702792616577,0.6794229720738343,Absolute decoupling
GNB,Guinea-Bissau,Global_South,Global South,34,25,11,7,7,18,0.7352941176470589,0.44,0.28,0.28,0.72,3.063178668271817,2.7245725994961223,0.1898042703556078,0.20096598571783808,0.4609378524378881,0.28477588317196867,0.25428626439014324,0.7457137356098568,Absolute decoupling
GNQ,Equatorial Guinea,Global_South,Global South,34,20,8,10,2,18,0.5882352941176471,0.4,0.5,0.1,0.9,23.06476839426059,12.330802897012916,76.26318914220253,1.7586585342554972,0.5083316518551937,0.4070325850411435,0.08463576310366287,0.9153642368963372,Relative decoupling
GRC,Greece,Europe_NorthAmerica,Europe & North America,34,25,12,6,7,18,0.7352941176470589,0.48,0.24,0.28,0.72,3.0869705362566653,2.3849755796365724,0.41477557348929084,0.5253512608753619,0.4807756609191299,0.23979690183942834,0.2794274372414418,0.7205725627585582,Absolute decoupling
GRD,Grenada,Global_South,Global South,34,25,6,7,12,13,0.7352941176470589,0.24,0.28,0.48,0.52,4.3999997574096605,4.160022954550424,4.322473758778361,5.949546389987637,0.23232113870765,0.28888611567034267,0.4787927456220073,0.5212072543779928,Coupled expansion
GRL,Greenland,Europe_NorthAmerica,Europe & North America,33,26,13,4,9,17,0.7878787878787878,0.5,0.15384615384615385,0.34615384615384615,0.6538461538461539,3.052824703522794,2.2264426598033293,1651.3731920517773,-0.07564296520433111,0.4994877964384517,0.15460930260043648,0.3459029009611118,0.6540970990388882,Absolute decoupling
GTM,Guatemala,Global_South,Global South,34,32,10,1,21,11,0.9411764705882353,0.3125,0.03125,0.65625,0.34375,1.764196503298169,1.5875854104863252,3.4938320645325778,3.1242217377785098,0.3239001290306576,0.03374787585939431,0.6423519951099481,0.3576480048900519,Coupled expansion
GUM,Guam,Global_South,Global South,20,17,10,4,3,14,0.85,0.5882352941176471,0.23529411764705882,0.17647058823529413,0.8235294117647058,1.8782153493861866,1.7722550398841852,4.333653948861321,-0.20958191710483964,0.5882112499120916,0.236198568263106,0.17559018182480232,0.8244098181751977,Absolute decoupling
GUY,Guyana,Global_South,Global South,34,30,10,9,11,19,0.8823529411764706,0.3333333333333333,0.3,0.36666666666666664,0.6333333333333333,10.202744737192397,4.966680043776561,4.460912620796459,1.6457838353347132,0.33095317197016527,0.30554045890577747,0.36350636912405726,0.6364936308759428,Coupled expansion
HKG,"Hong Kong SAR, China",DevelopedAsia_Oceania,Developed Asia & Oceania,34,27,13,6,8,19,0.7941176470588235,0.48148148148148145,0.2222222222222222,0.2962962962962963,0.7037037037037037,3.628802965356389,3.259967927287799,-0.1416245328908212,0.4916606747516816,0.48119443817452046,0.2272215019731926,0.2915840598522869,0.708415940147713,Absolute decoupling
HND,Honduras,Global_South,Global South,34,31,11,7,13,18,0.9117647058823529,0.3548387096774194,0.22580645161290322,0.41935483870967744,0.5806451612903226,6.4953653200053285,2.921072783268497,3.312986803461091,2.5264970555763933,0.3608116131839749,0.2043422021193921,0.43484618469663294,0.5651538153033671,Coupled expansion
HRV,Croatia,Europe_NorthAmerica,Europe & North America,34,26,9,11,6,20,0.7647058823529411,0.34615384615384615,0.4230769230769231,0.23076923076923078,0.7692307692307693,4.728352874927413,4.432791428882188,1.852776893394681,2.3319328478534462,0.34699793743477525,0.41841162102828316,0.23459044153694159,0.7654095584630584,Relative decoupling
HTI,Haiti,Global_South,Global South,34,17,6,1,10,7,0.5,0.35294117647058826,0.058823529411764705,0.5882352941176471,0.4117647058823529,1.9412917891121984,1.3544314101925137,13.332350616775772,0.9818388222672558,0.37365798363501374,0.0573757454521971,0.5689662709127892,0.4310337290872108,Coupled expansion
HUN,Hungary,Europe_NorthAmerica,Europe & North America,34,27,13,9,5,22,0.7941176470588235,0.48148148148148145,0.3333333333333333,0.18518518518518517,0.8148148148148148,3.5364793211885717,4.090022567171636,0.08435296788325612,0.07690008225946787,0.4837408677646724,0.3311747559973345,0.1850843762379931,0.8149156237620069,Absolute decoupling
IDN,Indonesia,Global_South,Global South,34,31,6,8,17,14,0.9117647058823529,0.1935483870967742,0.25806451612903225,0.5483870967741935,0.45161290322580644,4.2241324715180895,4.167530010196385,4.095935551859492,4.350459846193844,0.1975409445516869,0.24088420166392324,0.5615748537843899,0.43842514621561013,Coupled expansion
IND,India,India,India,34,32,2,22,8,24,0.9411764705882353,0.0625,0.6875,0.25,0.75,5.061063788371689,5.490562193994464,3.782646140622966,3.9224509648371875,0.06474176467171595,0.6703172570723538,0.2649409782559302,0.7350590217440698,Relative decoupling
IRL,Ireland,Europe_NorthAmerica,Europe & North America,34,29,16,13,0,29,0.8529411764705882,0.5517241379310345,0.4482758620689655,0.0,1.0,5.682341675874678,4.853457513575399,-0.6241661801147176,-1.0044123221955026,0.5895418381046198,0.4104581618953802,0.0,1.0,Absolute decoupling
IRN,"Iran, Islamic Rep.",Global_South,Global South,34,25,3,13,9,16,0.7352941176470589,0.12,0.52,0.36,0.64,3.430257416360418,3.1070265605889658,3.00523966729603,2.694135157052191,0.12488890237455565,0.5268262494427609,0.3482848481826834,0.6517151518173167,Relative decoupling
IRQ,Iraq,Global_South,Global South,34,19,5,4,10,9,0.5588235294117647,0.2631578947368421,0.21052631578947367,0.5263157894736842,0.47368421052631576,12.461917432332797,7.533083149501296,5.120604170119371,5.904842660181608,0.22371524895388448,0.21410965012475436,0.5621751009213611,0.4378248990786388,Coupled expansion
ISL,Iceland,Europe_NorthAmerica,Europe & North America,34,24,10,9,5,19,0.7058823529411765,0.4166666666666667,0.375,0.20833333333333334,0.7916666666666666,3.2026922417851313,2.967280978926623,0.06694855518842065,1.044251808825536,0.43304281721325016,0.36977051958527357,0.1971866632014763,0.8028133367985237,Absolute decoupling
ISR,Israel,DevelopedAsia_Oceania,Developed Asia & Oceania,34,27,12,9,6,21,0.7941176470588235,0.4444444444444444,0.3333333333333333,0.2222222222222222,0.7777777777777778,2.7791272300459493,2.4319477135744894,-0.00361743408163989,0.7088341943434884,0.4730322821899443,0.318200607972583,0.2087671098374727,0.7912328901625273,Absolute decoupling
ITA,Italy,Europe_NorthAmerica,Europe & North America,34,26,15,4,7,19,0.7647058823529411,0.5769230769230769,0.15384615384615385,0.2692307692307692,0.7307692307692307,1.7911162941457763,1.3550605476207234,0.2852736395577687,-0.36995721825487937,0.5791414011691435,0.15171744270847465,0.2691411561223818,0.7308588438776181,Absolute decoupling
JAM,Jamaica,Global_South,Global South,34,25,12,4,9,16,0.7352941176470589,0.48,0.16,0.36,0.64,2.012357702179172,1.32934397119846,2.821748180068163,0.13354615599188158,0.48023710945631043,0.15730699934420675,0.36245589119948285,0.6375441088005172,Absolute decoupling
JOR,Jordan,Global_South,Global South,34,24,10,5,9,15,0.7058823529411765,0.4166666666666667,0.20833333333333334,0.375,0.625,2.1981484092931374,1.6261437040492988,1.6280205078695023,0.6765187724807498,0.39747290961962856,0.18083961588517294,0.4216874744951985,0.5783125255048015,Absolute decoupling
JPN,Japan,DevelopedAsia_Oceania,Developed Asia & Oceania,34,26,12,9,5,21,0.7647058823529411,0.46153846153846156,0.34615384615384615,0.19230769230769232,0.8076923076923077,1.6014734006143754,1.463907103602935,0.07118198342135035,0.22763459578067913,0.4616064855371819,0.3448550069158139,0.1935385075470042,0.8064614924529958,Absolute decoupling
KAZ,Kazakhstan,Global_South,Global South,34,26,9,7,10,16,0.7647058823529411,0.34615384615384615,0.2692307692307692,0.38461538461538464,0.6153846153846154,5.051644042315601,3.818447774938638,1.2363924709201077,2.6326136997816163,0.3435253668508234,0.27791100744810265,0.37856362570107394,0.6214363742989261,Coupled expansion
KEN,Kenya,Global_South,Global South,34,23,7,2,14,9,0.6764705882352942,0.30434782608695654,0.08695652173913043,0.6086956521739131,0.391304347826087,2.441723952922392,2.5921835334222543,3.062174635026636,4.994355247461479,0.33206154853610687,0.09860095768615937,0.5693374937777338,0.43066250622226626,Coupled expansion
KGZ,Kyrgyz Republic,Global_South,Global South,34,24,13,3,8,16,0.7058823529411765,0.5416666666666666,0.125,0.3333333333333333,0.6666666666666666,4.364824300301406,4.261431408906335,1.0098868663527159,-1.6904432332133845,0.5400213502560911,0.13958999086670493,0.32038865887720397,0.6796113411227961,Absolute decoupling
KHM,Cambodia,Global_South,Global South,34,29,5,9,15,14,0.8529411764705882,0.1724137931034483,0.3103448275862069,0.5172413793103449,0.4827586206896552,5.672818866110627,5.857285553681568,12.49232844116891,5.783835963863848,0.1837999087559785,0.3262140326255351,0.4899860586184864,0.5100139413815137,Coupled expansion
KIR,Kiribati,Global_South,Global South,34,19,7,6,6,13,0.5588235294117647,0.3684210526315789,0.3157894736842105,0.3157894736842105,0.6842105263157895,4.38920475174961,2.8896613298521334,3.8749287090043194,1.4060956545740355,0.3813433850468563,0.31212693543997294,0.30652967951317084,0.6934703204868292,Absolute decoupling
KNA,St. Kitts and Nevis,Global_South,Global South,34,28,7,5,16,12,0.8235294117647058,0.25,0.17857142857142858,0.5714285714285714,0.42857142857142855,3.86853739505507,3.519474861661942,5.357735336887304,6.900016462079773,0.24643840825249405,0.17991115101462934,0.5736504407328766,0.4263495592671234,Coupled expansion
KOR,"Korea, Rep.",DevelopedAsia_Oceania,Developed Asia & Oceania,34,32,8,19,5,27,0.9411764705882353,0.25,0.59375,0.15625,0.84375,4.533793355880391,4.031371436873254,2.7645975721570193,2.047285579443925,0.2616819967527542,0.5902067797646778,0.14811122348256797,0.851888776517432,Relative decoupling
KWT,Kuwait,Global_South,Global South,34,15,6,3,6,9,0.4411764705882353,0.4,0.2,0.4,0.6,9.025514892060128,2.9993648805250572,2.025584709589354,2.9249042841598127,0.4490428290420512,0.16261405892800515,0.3883431120299437,0.6116568879700562,Tie
LAO,Lao PDR,Global_South,Global South,34,33,5,8,20,13,0.9705882352941176,0.15151515151515152,0.24242424242424243,0.6060606060606061,0.3939393939393939,4.555269284246353,4.666344800335542,14.881316023960633,7.4608616423376795,0.1636782939494514,0.24010427971335577,0.5962174263371928,0.4037825736628072,Coupled expansion
LBN,Lebanon,Global_South,Global South,33,19,8,3,8,11,0.5757575757575758,0.42105263157894735,0.15789473684210525,0.42105263157894735,0.5789473684210527,7.453437142380293,4.968339613040618,6.421541835310109,5.168641046038003,0.43405086147241145,0.1289763196557532,0.43697281887183537,0.5630271811281646,Tie
LBR,Liberia,Global_South,Global South,34,21,12,3,6,15,0.6176470588235294,0.5714285714285714,0.14285714285714285,0.2857142857142857,0.7142857142857143,9.468582305535453,2.884739434543504,1.7851161055356668,-0.5596297477272416,0.5649687467496008,0.16362070063397843,0.2714105526164208,0.7285894473835792,Absolute decoupling
LBY,Libya,Global_South,Global South,34,17,5,9,3,14,0.5,0.29411764705882354,0.5294117647058824,0.17647058823529413,0.8235294117647058,12.830031332617812,4.338302666454097,5.778503170547859,3.4495656065022695,0.2679102711495171,0.572719453119677,0.15937027573080595,0.840629724269194,Relative decoupling
LCA,St. Lucia,Global_South,Global South,34,20,7,5,8,12,0.5882352941176471,0.35,0.25,0.4,0.6,4.254854925555533,3.2010395252332846,4.0387576658841216,2.3865679861440836,0.3336970914169723,0.26282746164892173,0.403475446934106,0.596524553065894,Coupled expansion
LKA,Sri Lanka,Global_South,Global South,34,29,10,4,15,14,0.8529411764705882,0.3448275862068966,0.13793103448275862,0.5172413793103449,0.4827586206896552,4.565103485204203,4.404302717469921,5.731532231954478,5.179431284521807,0.3494188621413199,0.1323906877744475,0.5181904500842326,0.4818095499157674,Coupled expansion
LSO,Lesotho,Global_South,Global South,34,29,9,8,12,17,0.8529411764705882,0.3103448275862069,0.27586206896551724,0.41379310344827586,0.5862068965517241,2.9274355419700067,2.884043841285444,9.017081181546905,2.205425998178767,0.31445105689219627,0.26978541832745007,0.41576352478035367,0.5842364752196463,Coupled expansion
LTU,Lithuania,Europe_NorthAmerica,Europe & North America,34,27,8,17,2,25,0.7941176470588235,0.2962962962962963,0.6296296296296297,0.07407407407407407,0.9259259259259259,5.984965714979046,5.790665482286084,1.6712099305533343,2.278081165701029,0.2942440669391114,0.635003668278004,0.07075226478288456,0.9292477352171155,Relative decoupling
LUX,Luxembourg,Europe_NorthAmerica,Europe & North America,34,23,12,5,6,17,0.6764705882352942,0.5217391304347826,0.21739130434782608,0.2608695652173913,0.7391304347826086,2.8799031370149586,2.41663050795089,-1.5325268216777883,-0.4345633954680572,0.5300125454956565,0.2154228335127818,0.25456462099156174,0.7454353790084383,Absolute decoupling
LVA,Latvia,Europe_NorthAmerica,Europe & North America,34,26,14,11,1,25,0.7647058823529411,0.5384615384615384,0.4230769230769231,0.038461538461538464,0.9615384615384616,6.157439341472775,5.027592105724155,-0.6816220007029904,-0.8530705449440512,0.5380714064104324,0.42778458210840675,0.03414401148116081,0.9658559885188391,Absolute decoupling
MAC,"Macao SAR, China",DevelopedAsia_Oceania,Developed Asia & Oceania,34,22,11,5,6,16,0.6470588235294118,0.5,0.22727272727272727,0.2727272727272727,0.7272727272727273,11.70070946645996,6.990482225976125,-0.6954604975422404,0.552970374386913,0.5307927308817894,0.21890874611477018,0.25029852300344047,0.7497014769965595,Absolute decoupling
MAR,Morocco,Global_South,Global South,34,28,7,11,10,18,0.8235294117647058,0.25,0.39285714285714285,0.35714285714285715,0.6428571428571429,3.606567250116629,2.7664063573013764,2.4180043245282827,1.8679711132451815,0.2633159280812743,0.3780461561855063,0.3586379157332194,0.6413620842667807,Relative decoupling
MDA,Moldova,Europe_NorthAmerica,Europe & North America,34,22,6,11,5,17,0.6470588235294118,0.2727272727272727,0.5,0.22727272727272727,0.7727272727272727,5.91982045204021,5.89987615264852,1.9241258740011205,2.165377246812694,0.2805810490209129,0.4898322658767821,0.22958668510230495,0.770413314897695,Relative decoupling
MDG,Madagascar,Global_South,Global South,34,22,7,3,12,10,0.6470588235294118,0.3181818181818182,0.13636363636363635,0.5454545454545454,0.45454545454545453,1.7535208983110744,1.6357784306525125,5.020684134144409,2.9305042830488626,0.308155093378316,0.13133230645254598,0.5605126001691381,0.439487399830862,Coupled expansion
MDV,Maldives,Global_South,Global South,34,28,8,5,15,13,0.8235294117647058,0.2857142857142857,0.17857142857142858,0.5357142857142857,0.4642857142857143,6.500497940330826,4.473593430990286,11.78055496180312,5.263488276304795,0.29482260334684324,0.18420902373558368,0.5209683729175731,0.4790316270824269,Coupled expansion
MEX,Mexico,Global_South,Global South,34,25,7,10,8,17,0.7352941176470589,0.28,0.4,0.32,0.68,2.295495457106851,1.9927014782463726,1.208139668198077,1.0509338984340477,0.29765259598860194,0.406165003168721,0.29618240084267705,0.7038175991573229,Relative decoupling
MHL,Marshall Islands,Global_South,Global South,34,23,11,9,3,20,0.6764705882352942,0.4782608695652174,0.391304347826087,0.13043478260869565,0.8695652173913043,4.479113949115898,4.504074581428785,0.8718893949961659,0.021146119687887044,0.4980729684457095,0.3799797536849655,0.12194727786932502,0.878052722130675,Absolute decoupling
MKD,North Macedonia,Europe_NorthAmerica,Europe & North America,34,26,14,3,9,17,0.7647058823529411,0.5384615384615384,0.11538461538461539,0.34615384615384615,0.6538461538461539,3.5674597660579415,3.3546754071988594,0.6011326410972286,-1.7889200957710516,0.5381108004345159,0.11451920946585267,0.3473699900996315,0.6526300099003686,Absolute decoupling
MLI,Mali,Global_South,Global South,34,23,7,5,11,12,0.6764705882352942,0.30434782608695654,0.21739130434782608,0.4782608695652174,0.5217391304347826,3.0575431312173533,2.0745835861223583,6.432710205065667,2.5948364105767174,0.29166973579784244,0.21086685885114767,0.49746340535100986,0.5025365946489901,Coupled expansion
MLT,Malta,Europe_NorthAmerica,Europe & North America,34,28,18,5,5,23,0.8235294117647058,0.6428571428571429,0.17857142857142858,0.17857142857142858,0.8214285714285714,4.940629502457727,3.9390643830725547,-2.3136327719162524,-2.1289624412806516,0.6552313931462602,0.17178792867875153,0.1729806781749883,0.8270193218250117,Absolute decoupling
MMR,Myanmar,Global_South,Global South,34,30,10,7,13,17,0.8823529411764706,0.3333333333333333,0.23333333333333334,0.43333333333333335,0.5666666666666667,7.629100881855637,6.854467130744579,6.9779817691438035,5.165390051427943,0.34106046515803445,0.22519292714583525,0.4337466076961303,0.5662533923038697,Coupled expansion
MNG,Mongolia,Global_South,Global South,34,26,12,6,8,18,0.7647058823529411,0.46153846153846156,0.23076923076923078,0.3076923076923077,0.6923076923076923,5.125099768334433,4.598396459940446,1.4375501432333155,0.8735357239014307,0.4301407675688777,0.2411120562039368,0.32874717622718547,0.6712528237728145,Absolute decoupling
MNP,Northern Mariana Islands,Global_South,Global South,20,10,0,10,0,10,0.5,0.0,1.0,0.0,1.0,10.270734388316495,5.02580121606414,1.4573699554500097,1.374203545568442,0.0,1.0,0.0,1.0,Relative decoupling
MOZ,Mozambique,Global_South,Global South,34,25,8,4,13,12,0.7352941176470589,0.32,0.16,0.52,0.48,5.075846747286553,4.62514159794325,5.168402259831619,5.735897463442119,0.30844668385680307,0.14494639950909738,0.5466069166340995,0.45339308336590045,Coupled expansion
MRT,Mauritania,Global_South,Global South,34,20,7,6,7,13,0.5882352941176471,0.35,0.3,0.35,0.65,3.177018332681268,2.2781933060405657,4.027525076884599,1.1248807100291747,0.3443665283094162,0.2676863808033185,0.38794709088726526,0.6120529091127347,Tie
MUS,Mauritius,Global_South,Global South,34,33,5,16,12,21,0.9705882352941176,0.15151515151515152,0.48484848484848486,0.36363636363636365,0.6363636363636364,3.9860566435656324,3.8436280008349533,3.995807965180965,2.782554383090541,0.1547098117934633,0.4870414002188438,0.3582487879876929,0.6417512120123071,Relative decoupling
MWI,Malawi,Global_South,Global South,34,23,8,6,9,14,0.6764705882352942,0.34782608695652173,0.2608695652173913,0.391304347826087,0.6086956521739131,3.597464018902143,2.7038640291477734,3.0844034178662874,2.4869943816955953,0.36635475043126114,0.24354750188564145,0.3900977476830974,0.6099022523169026,Coupled expansion
MYS,Malaysia,Global_South,Global South,34,30,7,8,15,15,0.8823529411764706,0.23333333333333334,0.26666666666666666,0.5,0.5,4.331252343302503,3.7615585329122014,3.4012751137080652,3.868013200933129,0.2541596517938901,0.2900053579749587,0.4558349902311512,0.5441650097688487,Coupled expansion
NAM,Namibia,Global_South,Global South,34,25,9,6,10,15,0.7352941176470589,0.36,0.24,0.4,0.6,2.6939876434297996,2.5130880822763713,0.06077029503083768,1.0987739556458376,0.3823613341544068,0.22982920782595084,0.38780945801964234,0.6121905419803577,Coupled expansion
NER,Niger,Global_South,Global South,34,18,10,3,5,13,0.5294117647058824,0.5555555555555556,0.16666666666666666,0.2777777777777778,0.7222222222222222,3.389030970168558,3.1426970085717265,2.5264778550988236,-1.2061009102380171,0.579626320992,0.11518947429405985,0.30518420471394025,0.6948157952860597,Absolute decoupling
NGA,Nigeria,Global_South,Global South,34,22,11,0,11,11,0.6470588235294118,0.5,0.0,0.5,0.5,3.305542737218171,3.1250977109069544,-0.00387232332349777,-0.4111419510433756,0.5162274807072853,0.0,0.48377251929271464,0.5162274807072853,Tie
NIC,Nicaragua,Global_South,Global South,34,26,6,9,11,15,0.7647058823529411,0.23076923076923078,0.34615384615384615,0.4230769230769231,0.5769230769230769,3.3104922114667756,3.0858100613637807,2.962718342932268,2.873614640116917,0.23292530506841322,0.3533327251475059,0.4137419697840809,0.5862580302159192,Coupled expansion
NLD,Netherlands,Europe_NorthAmerica,Europe & North America,34,27,14,7,6,21,0.7941176470588235,0.5185185185185185,0.25925925925925924,0.2222222222222222,0.7777777777777778,2.32808597470734,1.795825919305094,-0.8489352319080191,-0.20216094138998386,0.5246730921724619,0.25928608479085297,0.21604082303668506,0.783959176963315,Absolute decoupling
NOR,Norway,Europe_NorthAmerica,Europe & North America,34,27,13,6,8,19,0.7941176470588235,0.48148148148148145,0.2222222222222222,0.2962962962962963,0.7037037037037037,2.046981214399476,1.8546433372468307,-0.1697864541446925,0.21597421548102957,0.5012928206895417,0.21937900671603447,0.27932817259442383,0.7206718274055761,Absolute decoupling
NPL,Nepal,Global_South,Global South,34,31,5,4,22,9,0.9117647058823529,0.16129032258064516,0.12903225806451613,0.7096774193548387,0.2903225806451613,3.5733806740207927,3.3184743098002123,7.01057652852762,6.1143677689864395,0.1726697891702841,0.1355609471938568,0.6917692636358591,0.3082307363641409,Coupled expansion
NZL,New Zealand,DevelopedAsia_Oceania,Developed Asia & Oceania,34,27,13,7,7,20,0.7941176470588235,0.48148148148148145,0.25925925925925924,0.25925925925925924,0.7407407407407407,2.252527701744063,2.0999763305469044,0.22736356374225264,0.37233783840908696,0.5036088427864049,0.24057544438687498,0.2558157128267201,0.7441842871732799,Absolute decoupling
OMN,Oman,Global_South,Global South,34,19,6,5,8,11,0.5588235294117647,0.3157894736842105,0.2631578947368421,0.42105263157894735,0.5789473684210527,2.45456794041934,2.718658527452855,2.8301689375204226,1.6572613000440883,0.29612229968937104,0.2691609019666101,0.4347167983440189,0.5652832016559811,Coupled expansion
PAK,Pakistan,Global_South,Global South,34,27,11,6,10,17,0.7941176470588235,0.4074074074074074,0.2222222222222222,0.37037037037037035,0.6296296296296297,2.4055519051117478,1.972285547547803,1.7829978792326027,0.9415105181944883,0.41644299921497197,0.22229488085286053,0.3612621199321675,0.6387378800678325,Absolute decoupling
PAN,Panama,Global_South,Global South,34,30,13,9,8,22,0.8823529411764706,0.43333333333333335,0.3,0.26666666666666666,0.7333333333333333,5.146939207854109,4.342919064666983,3.3446529823309725,2.168732603880974,0.4458953436809523,0.30155192675159165,0.25255272956745606,0.747447270432544,Absolute decoupling
PER,Peru,Global_South,Global South,34,28,9,5,14,14,0.8235294117647058,0.32142857142857145,0.17857142857142858,0.5,0.5,4.082635972004337,3.5383885249266833,3.945112086129335,3.2149395837019368,0.31298710767977855,0.16804213420029757,0.5189707581199239,0.4810292418800761,Coupled expansion
PHL,Philippines,Global_South,Global South,34,28,8,7,13,15,0.8235294117647058,0.2857142857142857,0.25,0.4642857142857143,0.5357142857142857,3.7594563759228605,4.566718020158211,3.2068801276495402,3.5856611636175706,0.26049036207461107,0.2575978930277766,0.48191174489761235,0.5180882551023877,Coupled expansion
PLW,Palau,Global_South,Global South,33,17,10,1,6,11,0.5151515151515151,0.5882352941176471,0.058823529411764705,0.35294117647058826,0.6470588235294118,4.174724701488427,3.4462020491683676,-0.046655233477537035,-3.0033756751766227,0.5875341553841195,0.05747660750989231,0.3549892371059882,0.6450107628940118,Absolute decoupling
PNG,Papua New Guinea,Global_South,Global South,34,20,12,3,5,15,0.5882352941176471,0.6,0.15,0.25,0.75,4.362351858433199,3.2705783625181173,-0.5719584426037723,-1.363435310653427,0.565127126107524,0.16049726342183632,0.2743756104706397,0.7256243895293604,Absolute decoupling
POL,Poland,Europe_NorthAmerica,Europe & North America,34,32,22,6,4,28,0.9411764705882353,0.6875,0.1875,0.125,0.875,4.306914110710225,4.542798510030533,-0.5694405542220299,-1.1533972861533681,0.687199199682605,0.18839777703555313,0.12440302328184188,0.8755969767181581,Absolute decoupling
PRI,Puerto Rico (US),Global_South,Global South,34,25,9,8,8,17,0.7352941176470589,0.36,0.32,0.32,0.68,2.526957376625384,1.5832278146655776,0.1973931727837255,1.196417745690792,0.36693430888577616,0.3280800294475358,0.30498566166668806,0.6950143383333119,Absolute decoupling
PRT,Portugal,Europe_NorthAmerica,Europe & North America,34,27,14,2,11,16,0.7941176470588235,0.5185185185185185,0.07407407407407407,0.4074074074074074,0.5925925925925926,2.452792465703993,2.3055518452915758,0.40812638800778545,-0.4367981460163928,0.5230623205491398,0.07317166229646262,0.4037660171543976,0.5962339828456024,Absolute decoupling
PRY,Paraguay,Global_South,Global South,34,22,4,6,12,10,0.6470588235294118,0.18181818181818182,0.2727272727272727,0.5454545454545454,0.45454545454545453,3.3911531815203517,2.9412846053592734,4.574978784304916,3.3474466406564596,0.17683341207928172,0.2906195655550366,0.5325470223656816,0.4674529776343183,Coupled expansion
PYF,French Polynesia,Global_South,Global South,34,15,7,1,7,8,0.4411764705882353,0.4666666666666667,0.06666666666666667,0.4666666666666667,0.5333333333333333,1.727114781061738,1.675661550203822,1.3955717705599542,0.5488784673086,0.4748997960904997,0.07090257612096938,0.45419762778853096,0.5458023722114691,Tie
QAT,Qatar,Global_South,Global South,34,13,3,5,5,8,0.38235294117647056,0.23076923076923078,0.38461538461538464,0.38461538461538464,0.6153846153846154,8.75339733503728,7.050381965864072,5.665582185954872,5.578792394610188,0.16150257378822097,0.2733823468995734,0.5651150793122056,0.4348849206877944,Tie
ROU,Romania,Europe_NorthAmerica,Europe & North America,34,26,12,9,5,21,0.7647058823529411,0.46153846153846156,0.34615384615384615,0.19230769230769232,0.8076923076923077,5.1749451001479505,4.549726740860683,0.7622703375419697,0.455704977528526,0.45714166239747994,0.34695255977062167,0.1959057778318984,0.8040942221681016,Absolute decoupling
RUS,Russian Federation,Europe_NorthAmerica,Europe & North America,34,21,5,12,4,17,0.6176470588235294,0.23809523809523808,0.5714285714285714,0.19047619047619047,0.8095238095238095,5.222626708312063,5.182748024113892,1.5902776870576096,1.4545161972693288,0.23809670816871747,0.5722495328191336,0.18965375901214898,0.810346240987851,Relative decoupling
RWA,Rwanda,Global_South,Global South,34,27,8,9,10,17,0.7941176470588235,0.2962962962962963,0.3333333333333333,0.37037037037037035,0.6296296296296297,7.680333234840021,5.896000903588883,5.445842712617353,2.3658232394718093,0.27902740270787774,0.3173744252603671,0.4035981720317552,0.5964018279682448,Coupled expansion
SAU,Saudi Arabia,Global_South,Global South,34,15,5,6,4,11,0.4411764705882353,0.3333333333333333,0.4,0.26666666666666666,0.7333333333333333,3.6949421136263227,3.178048101630271,1.6030229677949388,0.5573895938410178,0.31009173784879607,0.41359882273129034,0.2763094394199136,0.7236905605800864,Relative decoupling
SDN,Sudan,Global_South,Global South,34,21,7,1,13,8,0.6176470588235294,0.3333333333333333,0.047619047619047616,0.6190476190476191,0.38095238095238093,3.400800308641209,3.046408053113425,2.2309670484183095,4.048340495281488,0.29020379579887023,0.047834897111564294,0.6619613070895655,0.33803869291043454,Coupled expansion
SEN,Senegal,Global_South,Global South,34,24,7,3,14,10,0.7058823529411765,0.2916666666666667,0.125,0.5833333333333334,0.4166666666666667,2.2829810796742827,2.057576046493803,3.9356609965208986,3.46058766766949,0.30498915138127997,0.14730209916704062,0.5477087494516795,0.45229125054832053,Coupled expansion
SGP,Singapore,DevelopedAsia_Oceania,Developed Asia & Oceania,34,28,13,9,6,22,0.8235294117647058,0.4642857142857143,0.32142857142857145,0.21428571428571427,0.7857142857142857,4.768925381941096,3.9959747000906654,0.7561048657837774,0.5348906051114377,0.4463970124350447,0.32091964954397606,0.23268333802097924,0.7673166619790207,Absolute decoupling
SLB,Solomon Islands,Global_South,Global South,34,18,8,7,3,15,0.5294117647058824,0.4444444444444444,0.3888888888888889,0.16666666666666666,0.8333333333333334,3.611596852924478,3.176592124962807,0.20612408505601404,0.4124539261368909,0.4450132500938394,0.3474278123190314,0.2075589375871292,0.7924410624128708,Absolute decoupling
SLE,Sierra Leone,Global_South,Global South,34,24,11,3,10,14,0.7058823529411765,0.4583333333333333,0.125,0.4166666666666667,0.5833333333333334,3.812257371881529,2.9672802233311923,2.896825109288146,1.3041362083222818,0.45596237886646973,0.14106983013603208,0.4029677909974982,0.5970322090025018,Absolute decoupling
SLV,El Salvador,Global_South,Global South,34,31,9,1,21,10,0.9117647058823529,0.2903225806451613,0.03225806451612903,0.6774193548387096,0.3225806451612903,2.568816400812385,2.139548110582923,4.027685662769663,4.065158233168287,0.2900720599404129,0.03320109818813338,0.6767268418714537,0.3232731581285463,Coupled expansion
SOM,"Somalia, Fed. Rep.",Global_South,Global South,34,26,20,4,2,24,0.7647058823529411,0.7692307692307693,0.15384615384615385,0.07692307692307693,0.9230769230769231,3.9284129397083345,3.5173220620032253,-0.4207997836416763,-1.3685630576062147,0.792967482787421,0.14454124329079246,0.062491273921786515,0.9375087260782135,Absolute decoupling
STP,Sao Tome and Principe,Global_South,Global South,34,21,3,7,11,10,0.6176470588235294,0.14285714285714285,0.3333333333333333,0.5238095238095238,0.47619047619047616,2.1448065216043033,1.2831775781198207,3.763781381908805,2.31536034265869,0.16697765789262983,0.34197845924951087,0.49104388285785927,0.5089561171421407,Coupled expansion
SUR,Suriname,Global_South,Global South,34,24,10,3,11,13,0.7058823529411765,0.4166666666666667,0.125,0.4583333333333333,0.5416666666666666,2.480605026475192,2.076302354160464,2.118925692564488,1.415288287226102,0.41934537709067027,0.11469717501374486,0.46595744789558485,0.5340425521044151,Coupled expansion
SVK,Slovak Republic,Europe_NorthAmerica,Europe & North America,34,29,17,7,5,24,0.8529411764705882,0.5862068965517241,0.2413793103448276,0.1724137931034483,0.8275862068965517,4.080187580249102,3.9180850649212173,-1.0478285443939093,-1.1075401591084222,0.5861119043976547,0.24060077618339504,0.17328731941895031,0.8267126805810497,Absolute decoupling
SVN,Slovenia,Europe_NorthAmerica,Europe & North America,34,28,10,10,8,20,0.8235294117647058,0.35714285714285715,0.35714285714285715,0.2857142857142857,0.7142857142857143,3.5692134034182907,3.1733105447052323,0.8124906036473105,1.175156174263392,0.3583525333178262,0.3565047997682576,0.2851426669139162,0.7148573330860838,Tie
SWE,Sweden,Europe_NorthAmerica,Europe & North America,34,26,17,3,6,20,0.7647058823529411,0.6538461538461539,0.11538461538461539,0.23076923076923078,0.7692307692307693,2.4117005649280663,2.385311330177753,-1.3298449331219067,-1.7805930402517378,0.6572913208956852,0.11002843517265748,0.2326802439316573,0.7673197560683427,Absolute decoupling
SWZ,Eswatini,Global_South,Global South,34,29,14,8,7,22,0.8529411764705882,0.4827586206896552,0.27586206896551724,0.2413793103448276,0.7586206896551724,2.558971666674203,2.41186771794788,1.0901474072734234,0.15888049108594426,0.4764433718167949,0.2798433503772901,0.24371327780591504,0.756286722194085,Absolute decoupling
SYC,Seychelles,Global_South,Global South,34,21,9,7,5,16,0.6176470588235294,0.42857142857142855,0.3333333333333333,0.23809523809523808,0.7619047619047619,5.459079860237993,5.090562684550504,4.458457453878263,2.0505077019358,0.4333692825450959,0.32296710457537225,0.24366361287953187,0.7563363871204681,Absolute decoupling
SYR,Syrian Arab Republic,Global_South,Global South,32,18,10,6,2,16,0.5625,0.5555555555555556,0.3333333333333333,0.1111111111111111,0.8888888888888888,3.4398481242157595,3.7792513840640196,0.194915103077798,-0.6550306660636662,0.5915958326561107,0.3080029278656654,0.10040123947822392,0.8995987605217761,Absolute decoupling
TCA,Turks and Caicos Islands,Global_South,Global South,17,12,4,3,5,7,0.7058823529411765,0.3333333333333333,0.25,0.4166666666666667,0.5833333333333334,12.224354300544293,4.6250849902246145,9.336752995092583,2.0141956462121913,0.3411316023085062,0.27193495990343614,0.38693343778805767,0.6130665622119423,Coupled expansion
TCD,Chad,Global_South,Global South,34,18,5,4,9,9,0.5294117647058824,0.2777777777777778,0.2222222222222222,0.5,0.5,5.9027106151813244,4.076186522636305,10.43907562269671,5.118319525792536,0.2402856947280166,0.21011036824842755,0.5496039370235558,0.4503960629764442,Coupled expansion
TGO,Togo,Global_South,Global South,34,22,10,3,9,13,0.6470588235294118,0.45454545454545453,0.13636363636363635,0.4090909090909091,0.5909090909090909,3.772231778991494,3.01132615341555,7.7910579987811985,0.9459902203474146,0.4508543490654095,0.1781941435750448,0.37095150735954574,0.6290484926404543,Absolute decoupling
THA,Thailand,Global_South,Global South,34,30,8,7,15,15,0.8823529411764706,0.26666666666666666,0.23333333333333334,0.5,0.5,3.850058097663678,3.516676893972359,3.5478634654872234,3.219787352381609,0.2799425631526158,0.23472949773374854,0.48532793911363564,0.5146720608863643,Coupled expansion
TJK,Tajikistan,Global_South,Global South,34,28,12,4,12,16,0.8235294117647058,0.42857142857142855,0.14285714285714285,0.42857142857142855,0.5714285714285714,5.135483183189149,4.973342439198292,3.1270336262583673,0.885375979593972,0.41701505951186285,0.15737467082416795,0.4256102696639692,0.5743897303360308,Tie
TKM,Turkmenistan,Global_South,Global South,34,27,9,11,7,20,0.7941176470588235,0.3333333333333333,0.4074074074074074,0.25925925925925924,0.7407407407407407,6.075754036288514,4.362431359130281,1.218779655251299,1.1467995905529937,0.3526772266825788,0.3933055266848573,0.2540172466325639,0.7459827533674361,Relative decoupling
TLS,Timor-Leste,Global_South,Global South,34,23,11,7,5,18,0.6764705882352942,0.4782608695652174,0.30434782608695654,0.21739130434782608,0.782608695652174,9.444142891699023,5.061294500809144,3.155506235394969,0.12716520329181247,0.48715026084813506,0.2963904603364649,0.21645927881540006,0.7835407211845999,Absolute decoupling
TON,Tonga,Global_South,Global South,33,23,8,4,11,12,0.696969696969697,0.34782608695652173,0.17391304347826086,0.4782608695652174,0.5217391304347826,2.8513634214781227,2.4392184628855063,2.504453797917765,2.6954347969276204,0.349537397011839,0.1718298274016269,0.4786327755865341,0.5213672244134658,Coupled expansion
TTO,Trinidad and Tobago,Global_South,Global South,34,25,9,7,9,16,0.7352941176470589,0.36,0.28,0.36,0.64,5.4587187420046055,4.332681052972442,4.446479169477374,1.917363983952436,0.3643019743054782,0.27570104084571717,0.3599969848488046,0.6400030151511954,Tie
TUN,Tunisia,Global_South,Global South,34,30,9,13,8,22,0.8823529411764706,0.3,0.43333333333333335,0.26666666666666666,0.7333333333333333,2.6468937898670353,2.369052698805496,1.6859413240637093,1.6659388424815735,0.31502781699803917,0.4093693304199582,0.2756028525820026,0.7243971474179974,Relative decoupling
TUR,Turkiye,Global_South,Global South,34,27,4,14,9,18,0.7941176470588235,0.14814814814814814,0.5185185185185185,0.3333333333333333,0.6666666666666666,5.135169990984976,5.1597408531189215,3.5422091747946047,3.218119187275681,0.15592734614866283,0.5136490585800466,0.3304235952712906,0.6695764047287094,Relative decoupling
TZA,Tanzania,Global_South,Global South,34,29,9,4,16,13,0.8529411764705882,0.3103448275862069,0.13793103448275862,0.5517241379310345,0.4482758620689655,2.815182617854658,2.770386330163088,5.961945988576597,4.019725331820845,0.30168282721242895,0.14819267721682466,0.5501244955707464,0.4498755044292536,Coupled expansion
UGA,Uganda,Global_South,Global South,34,30,12,3,15,15,0.8823529411764706,0.4,0.1,0.5,0.5,3.374132352711618,2.8908201922147048,4.747870875995932,3.065982317563043,0.4202915740933684,0.07983519343166644,0.4998732324749651,0.5001267675250349,Coupled expansion
UKR,Ukraine,Europe_NorthAmerica,Europe & North America,34,21,10,7,4,17,0.6176470588235294,0.47619047619047616,0.3333333333333333,0.19047619047619047,0.8095238095238095,5.57474198561497,4.4105053771483105,0.6901069266484472,0.4478036709453681,0.4707664170796584,0.3355422720692518,0.19369131085108984,0.8063086891489102,Absolute decoupling
URY,Uruguay,Global_South,Global South,34,27,12,2,13,14,0.7941176470588235,0.4444444444444444,0.07407407407407407,0.48148148148148145,0.5185185185185185,4.134345933505288,4.004730001432555,3.879520862039768,1.2930489984169347,0.4454289375857248,0.07244827913804518,0.48212278327623,0.51787721672377,Coupled expansion
USA,United States,Europe_NorthAmerica,Europe & North America,34,29,15,9,5,24,0.8529411764705882,0.5172413793103449,0.3103448275862069,0.1724137931034483,0.8275862068965517,2.1490334997142293,1.9238617291809756,-0.32653555120489297,-0.16923224013477567,0.5297596355042408,0.29157395297364896,0.17866641152211027,0.8213335884778897,Absolute decoupling
UZB,Uzbekistan,Global_South,Global South,34,27,13,8,6,21,0.7941176470588235,0.48148148148148145,0.2962962962962963,0.2222222222222222,0.7777777777777778,4.6943306722225975,4.864861407453702,-0.4796507153289756,0.22839057365866555,0.4704126292995135,0.30049009786453124,0.2290972728359553,0.7709027271640447,Absolute decoupling
VCT,St. Vincent and the Grenadines,Global_South,Global South,34,29,6,4,19,10,0.8529411764705882,0.20689655172413793,0.13793103448275862,0.6551724137931034,0.3448275862068966,3.6005233002157597,3.485024540791404,4.673531703319659,7.0256759041435135,0.2083913489465224,0.1324372059754051,0.6591714450780725,0.3408285549219275,Coupled expansion
VEN,"Venezuela, RB",Global_South,Global South,34,18,8,5,5,13,0.5294117647058824,0.4444444444444444,0.2777777777777778,0.2777777777777778,0.7222222222222222,4.965321765813456,3.986091032712802,1.8955987089587276,0.3119740673948046,0.4423898084482409,0.27105283467961305,0.28655735687214606,0.7134426431278539,Absolute decoupling
VIR,Virgin Islands (U.S.),Global_South,Global South,20,10,1,9,0,10,0.5,0.1,0.9,0.0,1.0,2.748837205823045,3.2758309035279543,0.12949505723003352,0.0604440407369955,0.10051417899476546,0.8994858210052346,0.0,1.0,Relative decoupling
VNM,Viet Nam,Global_South,Global South,34,34,4,7,23,11,1.0,0.11764705882352941,0.20588235294117646,0.6764705882352942,0.3235294117647059,5.337716447497655,5.463334235938544,8.159821324326606,9.128512944141665,0.1193631025846871,0.2054634645092196,0.6751734329060933,0.3248265670939067,Coupled expansion
VUT,Vanuatu,Global_South,Global South,34,21,11,2,8,13,0.6176470588235294,0.5238095238095238,0.09523809523809523,0.38095238095238093,0.6190476190476191,1.8747218200304858,1.4775736614198731,3.555629942125008,-0.385456925421479,0.5260953933354643,0.07151830184885331,0.4023863048156824,0.5976136951843176,Absolute decoupling
WSM,Samoa,Global_South,Global South,34,22,6,9,7,15,0.6470588235294118,0.2727272727272727,0.4090909090909091,0.3181818181818182,0.6818181818181818,4.2793556943953845,3.727168334587694,3.3037449397199268,2.3350082529438265,0.27890853013673655,0.4029007607296972,0.31819070913356623,0.6818092908664338,Relative decoupling
YEM,"Yemen, Rep.",Global_South,Global South,28,20,4,1,15,5,0.7142857142857143,0.2,0.05,0.75,0.25,1.6782290533747655,1.4251714338591404,4.863533514136525,3.6702225459584126,0.19671243981869063,0.0365470189913671,0.7667405411899423,0.23325945881005772,Coupled expansion
ZAF,South Africa,Global_South,Global South,34,21,5,6,10,11,0.6176470588235294,0.23809523809523808,0.2857142857142857,0.47619047619047616,0.5238095238095238,2.241579013092358,1.9009204972938898,1.1491153707335395,1.4358830497692487,0.25731267431800536,0.2716087344528795,0.47107859122911516,0.5289214087708848,Coupled expansion
ZMB,Zambia,Global_South,Global South,34,27,11,0,16,11,0.7941176470588235,0.4074074074074074,0.0,0.5925925925925926,0.4074074074074074,2.6793427936391643,2.343364501660261,2.89429986438214,4.094158934543435,0.36014517560195486,0.0,0.6398548243980451,0.36014517560195486,Coupled expansion
ZWE,Zimbabwe,Global_South,Global South,34,18,11,0,7,11,0.5294117647058824,0.6111111111111112,0.0,0.3888888888888889,0.6111111111111112,5.696549158365643,3.5291562917991404,3.920611423235089,-0.8442311328088703,0.5847155163324607,0.0,0.4152844836675393,0.5847155163324607,Absolute decoupling
