region,region_display,year_to,n_total_changes,n_gdp_expansions,n_absolute_decoupling,n_relative_decoupling,n_coupled_expansion,n_any_decoupling,share_gdp_expansion_of_all_changes,share_absolute_of_expansions,share_relative_of_expansions,share_coupled_of_expansions,share_any_decoupling_of_expansions,mean_gdp_change_pct_during_expansions,median_gdp_change_pct_during_expansions,mean_co2_change_pct_during_expansions,median_co2_change_pct_during_expansions,population_weighted_share_absolute,population_weighted_share_relative,population_weighted_share_coupled,population_weighted_share_any_decoupling
China,China,1991,1,1,0,1,0,1,1.0,0.0,1.0,0.0,1.0,7.879667555920111,7.879667555920111,4.198477005717272,4.198477005717272,0.0,1.0,0.0,1.0
China,China,1992,1,1,0,1,0,1,1.0,0.0,1.0,0.0,1.0,12.907376349184418,12.907376349184418,3.414246225530171,3.414246225530171,0.0,1.0,0.0,1.0
China,China,1993,1,1,0,1,0,1,1.0,0.0,1.0,0.0,1.0,12.626827003835327,12.626827003835327,7.017690656425191,7.017690656425191,0.0,1.0,0.0,1.0
China,China,1994,1,1,0,1,0,1,1.0,0.0,1.0,0.0,1.0,11.801888169280339,11.801888169280339,4.2382962815015635,4.2382962815015635,0.0,1.0,0.0,1.0
China,China,1995,1,1,0,1,0,1,1.0,0.0,1.0,0.0,1.0,9.832960544026914,9.832960544026914,9.271112632725309,9.271112632725309,0.0,1.0,0.0,1.0
China,China,1996,1,1,1,0,0,1,1.0,1.0,0.0,0.0,1.0,8.829513658785949,8.829513658785949,-1.7929384473938437,-1.7929384473938437,1.0,0.0,0.0,1.0
China,China,1997,1,1,0,1,0,1,1.0,0.0,1.0,0.0,1.0,8.174846273822588,8.174846273822588,1.8580328246477595,1.8580328246477595,0.0,1.0,0.0,1.0
China,China,1998,1,1,0,1,0,1,1.0,0.0,1.0,0.0,1.0,6.890190160506515,6.890190160506515,1.4860399690126203,1.4860399690126203,0.0,1.0,0.0,1.0
China,China,1999,1,1,1,0,0,1,1.0,1.0,0.0,0.0,1.0,6.808187599930049,6.808187599930049,-2.952448012253739,-2.952448012253739,1.0,0.0,0.0,1.0
China,China,2000,1,1,0,1,0,1,1.0,0.0,1.0,0.0,1.0,7.734180164793081,7.734180164793081,4.973522381030704,4.973522381030704,0.0,1.0,0.0,1.0
China,China,2001,1,1,0,1,0,1,1.0,0.0,1.0,0.0,1.0,7.528727371283539,7.528727371283539,4.0981857224531515,4.0981857224531515,0.0,1.0,0.0,1.0
China,China,2002,1,1,0,1,0,1,1.0,0.0,1.0,0.0,1.0,8.513909501600558,8.513909501600558,7.331028600543954,7.331028600543954,0.0,1.0,0.0,1.0
China,China,2003,1,1,0,0,1,0,1.0,0.0,0.0,1.0,0.0,9.434441278392192,9.434441278392192,14.76861815381385,14.76861815381385,0.0,0.0,1.0,0.0
China,China,2004,1,1,0,0,1,0,1.0,0.0,0.0,1.0,0.0,9.47923943183735,9.47923943183735,14.468694565952012,14.468694565952012,0.0,0.0,1.0,0.0
China,China,2005,1,1,0,0,1,0,1.0,0.0,0.0,1.0,0.0,10.804648548500273,10.804648548500273,12.78791311862073,12.78791311862073,0.0,0.0,1.0,0.0
China,China,2006,1,1,0,1,0,1,1.0,0.0,1.0,0.0,1.0,12.047281892569517,12.047281892569517,10.402081655847795,10.402081655847795,0.0,1.0,0.0,1.0
China,China,2007,1,1,0,1,0,1,1.0,0.0,1.0,0.0,1.0,13.555366350840936,13.555366350840936,8.088348785453059,8.088348785453059,0.0,1.0,0.0,1.0
China,China,2008,1,1,0,1,0,1,1.0,0.0,1.0,0.0,1.0,9.109747065846374,9.109747065846374,2.5339089040480767,2.5339089040480767,0.0,1.0,0.0,1.0
China,China,2009,1,1,0,1,0,1,1.0,0.0,1.0,0.0,1.0,8.859902053620527,8.859902053620527,6.780826762345793,6.780826762345793,0.0,1.0,0.0,1.0
China,China,2010,1,1,0,1,0,1,1.0,0.0,1.0,0.0,1.0,10.063424320753867,10.063424320753867,8.930813385001613,8.930813385001613,0.0,1.0,0.0,1.0
China,China,2011,1,1,0,1,0,1,1.0,0.0,1.0,0.0,1.0,8.864807475506264,8.864807475506264,8.735856458895164,8.735856458895164,0.0,1.0,0.0,1.0
China,China,2012,1,1,0,1,0,1,1.0,0.0,1.0,0.0,1.0,7.1270127234708935,7.1270127234708935,2.4664893273236066,2.4664893273236066,0.0,1.0,0.0,1.0
China,China,2013,1,1,0,1,0,1,1.0,0.0,1.0,0.0,1.0,7.063224657057243,7.063224657057243,4.072294777694685,4.072294777694685,0.0,1.0,0.0,1.0
China,China,2014,1,1,0,1,0,1,1.0,0.0,1.0,0.0,1.0,6.786669879459084,6.786669879459084,0.4860719749383291,0.4860719749383291,0.0,1.0,0.0,1.0
China,China,2015,1,1,1,0,0,1,1.0,1.0,0.0,0.0,1.0,6.3585502639810665,6.3585502639810665,-1.7786077624480479,-1.7786077624480479,1.0,0.0,0.0,1.0
China,China,2016,1,1,1,0,0,1,1.0,1.0,0.0,0.0,1.0,6.165427182327954,6.165427182327954,-0.351009636475752,-0.351009636475752,1.0,0.0,0.0,1.0
China,China,2017,1,1,0,1,0,1,1.0,0.0,1.0,0.0,1.0,6.246266187290606,6.246266187290606,1.4787885779926402,1.4787885779926402,0.0,1.0,0.0,1.0
China,China,2018,1,1,0,1,0,1,1.0,0.0,1.0,0.0,1.0,6.258612324773538,6.258612324773538,4.312117075252364,4.312117075252364,0.0,1.0,0.0,1.0
China,China,2019,1,1,0,1,0,1,1.0,0.0,1.0,0.0,1.0,5.692900601486017,5.692900601486017,2.114202953124167,2.114202953124167,0.0,1.0,0.0,1.0
China,China,2020,1,1,0,1,0,1,1.0,0.0,1.0,0.0,1.0,2.0968666731586927,2.0968666731586927,1.0380432559517594,1.0380432559517594,0.0,1.0,0.0,1.0
China,China,2021,1,1,0,1,0,1,1.0,0.0,1.0,0.0,1.0,8.473227172456665,8.473227172456665,4.818889923157066,4.818889923157066,0.0,1.0,0.0,1.0
China,China,2022,1,1,1,0,0,1,1.0,1.0,0.0,0.0,1.0,3.1476998213375795,3.1476998213375795,-0.25127826511043283,-0.25127826511043283,1.0,0.0,0.0,1.0
China,China,2023,1,1,0,1,0,1,1.0,0.0,1.0,0.0,1.0,5.52431494678991,5.52431494678991,4.122477547710912,4.122477547710912,0.0,1.0,0.0,1.0
China,China,2024,1,1,0,1,0,1,1.0,0.0,1.0,0.0,1.0,5.1066248283734295,5.1066248283734295,0.9188653432707694,0.9188653432707694,0.0,1.0,0.0,1.0
DevelopedAsia_Oceania,Developed Asia & Oceania,1991,8,5,1,2,2,3,0.625,0.2,0.4,0.4,0.6,4.572060424150486,3.6953822822515026,3.8663944420571994,2.8085808649718214,0.026628446149497588,0.7028430379161306,0.2705285159343718,0.7294714840656281
DevelopedAsia_Oceania,Developed Asia & Oceania,1992,8,7,1,3,3,4,0.875,0.14285714285714285,0.42857142857142855,0.42857142857142855,0.5714285714285714,3.7390580070384076,4.0992794307008085,5.142044987831163,5.2796321129484625,0.01715047446011306,0.698283659892861,0.2845658656470259,0.7154341343529741
DevelopedAsia_Oceania,Developed Asia & Oceania,1993,8,7,1,2,4,3,0.875,0.14285714285714285,0.2857142857142857,0.5714285714285714,0.42857142857142855,4.324904180197946,4.392412663407619,4.906929834113424,6.78129465736379,0.04452613478338476,0.2934287450406784,0.6620451201759369,0.33795487982406314
DevelopedAsia_Oceania,Developed Asia & Oceania,1994,8,8,1,5,2,6,1.0,0.125,0.625,0.25,0.75,4.088044684075939,3.702992474145972,1.1362825443640754,3.2725054896627137,0.029001031312184927,0.36167749483355655,0.6093214738542585,0.3906785261457415
DevelopedAsia_Oceania,Developed Asia & Oceania,1995,8,8,3,4,1,7,1.0,0.375,0.5,0.125,0.875,3.154970989506764,2.9696366671321806,-0.10394259880766998,1.1837478574616256,0.048123630319110586,0.9254654102042038,0.026410959476685564,0.9735890405233144
DevelopedAsia_Oceania,Developed Asia & Oceania,1996,8,6,1,4,1,5,0.75,0.16666666666666666,0.6666666666666666,0.16666666666666666,0.8333333333333334,3.460178178466259,3.0030999872480924,2.210658158990751,1.9329093947065834,0.01781372081469505,0.9543659958586573,0.027820283326647627,0.9721797166733523
DevelopedAsia_Oceania,Developed Asia & Oceania,1997,8,7,3,3,1,6,0.875,0.42857142857142855,0.42857142857142855,0.14285714285714285,0.8571428571428571,2.800464009694074,2.799585885752842,-0.039221928139684614,0.7088341943434884,0.649077557125072,0.33300688401408823,0.01791555886083981,0.9820844411391602
DevelopedAsia_Oceania,Developed Asia & Oceania,1998,8,2,1,0,1,1,0.25,0.5,0.0,0.5,0.5,2.698356841024996,2.698356841024996,1.9316431208021234,1.9316431208021234,0.2417603429126902,0.0,0.7582396570873098,0.2417603429126902
DevelopedAsia_Oceania,Developed Asia & Oceania,1999,8,6,0,5,1,5,0.75,0.0,0.8333333333333334,0.16666666666666666,0.8333333333333334,4.4411630275761595,4.355468298543963,3.3366359464968647,2.6463191917220574,0.0,0.9231455555920244,0.07685444440797566,0.9231455555920244
DevelopedAsia_Oceania,Developed Asia & Oceania,2000,8,8,2,4,2,6,1.0,0.25,0.5,0.25,0.75,5.060332995384148,5.355925546430607,0.03096325856004456,1.8733667360883555,0.03307755542100575,0.9302165064181483,0.03670593816084587,0.9632940618391541
DevelopedAsia_Oceania,Developed Asia & Oceania,2001,8,5,1,2,2,3,0.625,0.2,0.4,0.4,0.6,1.9417862017035106,2.1057298683222925,2.3941243720129117,1.513993379839329,0.6425679597357675,0.3356682863380502,0.02176375392618227,0.9782362460738178
DevelopedAsia_Oceania,Developed Asia & Oceania,2002,8,6,3,2,1,5,0.75,0.5,0.3333333333333333,0.16666666666666666,0.8333333333333334,4.130153217608042,2.9446800379945293,1.051586223636993,-0.1663968453443576,0.18021208561947363,0.8144773816325445,0.005310532747981896,0.9946894672520181
DevelopedAsia_Oceania,Developed Asia & Oceania,2003,8,7,2,4,1,6,0.875,0.2857142857142857,0.5714285714285714,0.14285714285714285,0.8571428571428571,4.021369532509857,2.6814347514469317,0.9303776420456037,0.6202430237782997,0.1129661673617926,0.8549918875732233,0.03204194506498415,0.9679580549350159
DevelopedAsia_Oceania,Developed Asia & Oceania,2004,8,8,4,4,0,8,1.0,0.5,0.5,0.0,1.0,6.921245219339122,3.939078232941673,0.984186800902928,1.1191324315836415,0.6674249504951368,0.33257504950486316,0.0,1.0
DevelopedAsia_Oceania,Developed Asia & Oceania,2005,8,8,5,3,0,8,1.0,0.625,0.375,0.0,1.0,3.521805140985787,3.1752258678121037,-1.4579498667997917,-0.7689107485936042,0.36507778732884427,0.6349222126711558,0.0,1.0
DevelopedAsia_Oceania,Developed Asia & Oceania,2006,8,8,5,3,0,8,1.0,0.625,0.375,0.0,1.0,4.036985131612694,4.22245358276011,-1.0593007787899942,-1.3697323036930942,0.6551015178711459,0.34489848212885416,0.0,1.0
DevelopedAsia_Oceania,Developed Asia & Oceania,2007,8,8,3,4,1,7,1.0,0.375,0.5,0.125,0.875,4.364157473930913,4.512298514474722,-0.29991466333735284,1.33438554683738,0.04179478791185682,0.37761501530261526,0.5805901967855279,0.4194098032144721
DevelopedAsia_Oceania,Developed Asia & Oceania,2008,8,4,3,1,0,4,0.5,0.75,0.25,0.0,1.0,1.6791486499510178,1.543445184709702,-1.1250094690567314,-1.1611226401700925,0.4188404610213168,0.5811595389786832,0.0,1.0
DevelopedAsia_Oceania,Developed Asia & Oceania,2009,8,2,0,1,1,1,0.25,0.0,0.5,0.5,0.5,1.3399627678505888,1.3399627678505888,3.683059024325319,3.683059024325319,0.0,0.9891822304221526,0.010817769577847428,0.9891822304221526
DevelopedAsia_Oceania,Developed Asia & Oceania,2010,8,8,3,2,3,5,1.0,0.375,0.25,0.375,0.625,7.281812768099888,5.032816249766814,2.8169030622782407,3.1569263421056037,0.1482885982852186,0.02488014053587866,0.8268312611789027,0.17316873882109723
DevelopedAsia_Oceania,Developed Asia & Oceania,2011,8,8,4,1,3,5,1.0,0.5,0.125,0.375,0.625,4.494872834171657,3.240196885463109,0.8273408334865187,0.4415407335730315,0.15485744448046132,0.022834807806578063,0.8223077477129606,0.1776922522870394
DevelopedAsia_Oceania,Developed Asia & Oceania,2012,8,8,5,0,3,5,1.0,0.625,0.0,0.375,0.625,2.0332829698362835,1.855555491456684,0.8065418064418768,-0.5137960769662553,0.37927831389498023,0.0,0.6207216861050198,0.37927831389498023
DevelopedAsia_Oceania,Developed Asia & Oceania,2013,8,8,5,1,2,6,1.0,0.625,0.125,0.25,0.75,2.744344676224808,2.424665203638221,-1.4915972905636092,-0.5113996473745441,0.38107839023781565,0.5635936550685793,0.05532795469360504,0.9446720453063949
DevelopedAsia_Oceania,Developed Asia & Oceania,2014,8,7,4,2,1,6,0.875,0.5714285714285714,0.2857142857142857,0.14285714285714285,0.8571428571428571,1.8052428392987803,2.0431818002495827,-1.6334316246422753,-2.4000281656842426,0.9244260034193882,0.04376817819658966,0.03180581838402218,0.9681941816159778
DevelopedAsia_Oceania,Developed Asia & Oceania,2015,8,7,4,2,1,6,0.875,0.5714285714285714,0.2857142857142857,0.14285714285714285,0.8571428571428571,1.409535966269404,1.600544966223283,-1.2994123935205444,-0.38728529695721825,0.7155109968240876,0.24799205831335552,0.0364969448625569,0.963503055137443
DevelopedAsia_Oceania,Developed Asia & Oceania,2016,8,7,4,3,0,7,0.875,0.5714285714285714,0.42857142857142855,0.0,1.0,1.7988969189127135,1.5445444052549329,-1.4329116352673519,-0.2672481895946377,0.6388257122678164,0.36117428773218363,0.0,1.0
DevelopedAsia_Oceania,Developed Asia & Oceania,2017,8,8,4,1,3,5,1.0,0.5,0.125,0.375,0.625,3.3886019528382216,2.6724477411198877,1.9772401311144465,0.6101779369244609,0.7287446472911667,0.2232670827735634,0.04798826993526989,0.9520117300647302
DevelopedAsia_Oceania,Developed Asia & Oceania,2018,8,8,7,1,0,8,1.0,0.875,0.125,0.0,1.0,2.2699091988022473,2.023268882395901,-6.175249855021173,-3.737310381085029,0.7766877725747522,0.22331222742524784,0.0,1.0
DevelopedAsia_Oceania,Developed Asia & Oceania,2019,8,5,2,1,2,3,0.625,0.4,0.2,0.4,0.6,1.0882409789667058,0.8826430075790315,0.004000698207144993,0.9154325125132923,0.7969379169978447,0.09303420401722302,0.11002787898493235,0.8899721210150676
DevelopedAsia_Oceania,Developed Asia & Oceania,2020,8,0,0,0,0,0,0.0,,,,,,,,,,,,
DevelopedAsia_Oceania,Developed Asia & Oceania,2021,8,8,4,4,0,8,1.0,0.5,0.5,0.0,1.0,8.309063630371515,6.088630485950464,0.44826649264466667,1.0989272858523413,0.17589881580873362,0.8241011841912663,0.0,1.0
DevelopedAsia_Oceania,Developed Asia & Oceania,2022,8,6,5,1,0,6,0.75,0.8333333333333334,0.16666666666666666,0.0,1.0,2.616386231701917,2.9189364466321255,-2.716159586472052,-2.6547571344008647,0.9575717063412833,0.042428293658716754,0.0,1.0
DevelopedAsia_Oceania,Developed Asia & Oceania,2023,8,5,4,0,1,4,0.625,0.8,0.0,0.2,0.8,16.022012844002912,1.504341425294231,-1.4217814552740937,-2.552098730585717,0.9647294235438054,0.0,0.03527057645619463,0.9647294235438054
DevelopedAsia_Oceania,Developed Asia & Oceania,2024,8,5,2,2,1,4,0.625,0.4,0.4,0.2,0.8,2.8053239601910773,2.326636567052631,0.6846065811686253,1.6178728718359903,0.9253804738282968,0.04318810420505501,0.03143142196664823,0.9685685780333517
Europe_NorthAmerica,Europe & North America,1991,42,15,5,3,7,8,0.35714285714285715,0.3333333333333333,0.2,0.4666666666666667,0.5333333333333333,2.442837241542241,1.8698341766949067,2.557477249235583,2.9009702458966613,0.5036785472376518,0.046197889001766905,0.45012356376058127,0.5498764362394187
Europe_NorthAmerica,Europe & North America,1992,42,17,12,2,3,14,0.40476190476190477,0.7058823529411765,0.11764705882352941,0.17647058823529413,0.8235294117647058,1.8177992843882955,1.1681037872908862,-1.298585219541859,-2.1673115128160836,0.5195799883794037,0.397521477401361,0.08289853421923533,0.9171014657807647
Europe_NorthAmerica,Europe & North America,1993,42,16,7,3,6,10,0.38095238095238093,0.4375,0.1875,0.375,0.625,2.8782081004516096,2.263546573752495,1.852701959163826,0.34162582409367204,0.3600228569276024,0.5899737029668517,0.05000344010554593,0.9499965598944541
Europe_NorthAmerica,Europe & North America,1994,42,35,17,8,10,25,0.8333333333333334,0.4857142857142857,0.22857142857142856,0.2857142857142857,0.7142857142857143,3.784446226459994,3.279140847791462,-2.1364857444094607,0.01338756400475205,0.4690879877134177,0.4102123487098386,0.12069966357674371,0.8793003364232563
Europe_NorthAmerica,Europe & North America,1995,42,35,18,10,7,28,0.8333333333333334,0.5142857142857142,0.2857142857142857,0.2,0.8,4.371842103095615,3.5496329912235725,-0.6517982696540152,-0.008610526506114269,0.5841468247678269,0.17961046141799972,0.2362427138141734,0.7637572861858266
Europe_NorthAmerica,Europe & North America,1996,42,38,7,14,17,21,0.9047619047619048,0.18421052631578946,0.3684210526315789,0.4473684210526316,0.5526315789473685,4.264237415218591,2.961247209430695,4.0439318959471375,2.921958021860882,0.14932540383241652,0.47518880635548655,0.3754857898120969,0.6245142101879031
Europe_NorthAmerica,Europe & North America,1997,42,37,23,7,7,30,0.8809523809523809,0.6216216216216216,0.1891891891891892,0.1891891891891892,0.8108108108108109,5.216279758308573,3.5428030561324597,1.082927927859553,-1.1075401591084222,0.5157051490141499,0.12242045642376509,0.36187439456208503,0.638125605437915
Europe_NorthAmerica,Europe & North America,1998,42,37,16,10,11,26,0.8809523809523809,0.43243243243243246,0.2702702702702703,0.2972972972972973,0.7027027027027027,4.597958635467004,4.004469479605732,1.4901472170501087,0.7828004684712564,0.6463294975050092,0.13406870817254257,0.21960179432244825,0.7803982056775518
Europe_NorthAmerica,Europe & North America,1999,42,35,19,11,5,30,0.8333333333333334,0.5428571428571428,0.3142857142857143,0.14285714285714285,0.8571428571428571,3.905906959276208,3.591980371935377,1.187107195859267,-0.10294857756856235,0.6259705772649609,0.2633679088955255,0.11066151383951359,0.8893384861604864
Europe_NorthAmerica,Europe & North America,2000,42,42,24,12,6,36,1.0,0.5714285714285714,0.2857142857142857,0.14285714285714285,0.8571428571428571,5.050525230061402,4.157764554297517,-0.9221619616262147,-0.23346122700286798,0.32998182230434103,0.5840246720560763,0.0859935056395827,0.9140064943604173
Europe_NorthAmerica,Europe & North America,2001,42,39,10,18,11,28,0.9285714285714286,0.2564102564102564,0.46153846153846156,0.28205128205128205,0.717948717948718,3.5650664146455577,2.6668583800253165,2.6941718954619107,1.6292731634082402,0.26926765366067673,0.6249703685467886,0.1057619777925347,0.8942380222074653
Europe_NorthAmerica,Europe & North America,2002,42,36,17,9,10,26,0.8571428571428571,0.4722222222222222,0.25,0.2777777777777778,0.7222222222222222,3.521502255252497,2.3872724162049774,0.38967516120005585,0.79522322653518,0.713597695101188,0.10398558945540133,0.1824167154434107,0.8175832845565894
Europe_NorthAmerica,Europe & North America,2003,42,37,4,15,18,19,0.8809523809523809,0.10810810810810811,0.40540540540540543,0.4864864864864865,0.5135135135135135,3.816911786248259,3.081963843157265,4.399914250529949,3.681902346079835,0.007283171546845854,0.741579504318016,0.2511373241351381,0.7488626758648619
Europe_NorthAmerica,Europe & North America,2004,42,41,18,18,5,36,0.9761904761904762,0.43902439024390244,0.43902439024390244,0.12195121951219512,0.8780487804878049,4.83260024207782,4.479064928282828,1047.251535528816,0.49700469266011904,0.366155967781287,0.5272496511801653,0.10659438103854765,0.8934056189614523
Europe_NorthAmerica,Europe & North America,2005,42,42,18,17,7,35,1.0,0.42857142857142855,0.40476190476190477,0.16666666666666666,0.8333333333333334,4.021094411231291,3.329983475548781,0.07760113831231093,0.41570378615904957,0.6977706614865323,0.20383686041067348,0.09839247810279415,0.9016075218972058
Europe_NorthAmerica,Europe & North America,2006,42,42,18,20,4,38,1.0,0.42857142857142855,0.47619047619047616,0.09523809523809523,0.9047619047619048,4.9865339444090795,4.217504315536935,1.69056766508601,0.41908099833688484,0.6085600842653492,0.37733685608884726,0.014103059645803419,0.9858969403541966
Europe_NorthAmerica,Europe & North America,2007,42,42,21,13,8,34,1.0,0.5,0.30952380952380953,0.19047619047619047,0.8095238095238095,4.80959021220296,3.5494822747733634,1.0909029616121773,0.12507997390242553,0.39448235688985545,0.5071552053360531,0.0983624377740915,0.9016375622259085
Europe_NorthAmerica,Europe & North America,2008,42,25,15,7,3,22,0.5952380952380952,0.6,0.28,0.12,0.88,4.176758088556998,3.6601247680363436,-0.4571006426505647,-0.5034078551887644,0.6698073003495575,0.2996055111331703,0.03058718851727224,0.9694128114827277
Europe_NorthAmerica,Europe & North America,2009,43,5,4,1,0,5,0.11627906976744186,0.8,0.2,0.0,1.0,1.5080652364210279,0.8749065706999737,-5.679889696213857,-4.643233548462266,0.9441702744227329,0.05582972557726702,0.0,1.0
Europe_NorthAmerica,Europe & North America,2010,43,33,3,5,25,8,0.7674418604651163,0.09090909090909091,0.15151515151515152,0.7575757575757576,0.24242424242424243,2.8834404842324934,2.2260789652016166,5.560203863947395,5.054503025553436,0.02109691885037118,0.08905615436384284,0.889846926785786,0.11015307321421403
Europe_NorthAmerica,Europe & North America,2011,43,35,23,5,7,28,0.813953488372093,0.6571428571428571,0.14285714285714285,0.2,0.8,2.8407777448932614,2.387777532479851,-1.4456856843390729,-2.493006706679357,0.7324965038317588,0.041555022544684225,0.22594847362355702,0.7740515263764429
Europe_NorthAmerica,Europe & North America,2012,43,23,15,3,5,18,0.5348837209302325,0.6521739130434783,0.13043478260869565,0.21739130434782608,0.782608695652174,2.2848988947963376,1.4757059689729957,-2.5305301937032474,-2.205503487597593,0.7927743126104708,0.004240096562596064,0.20298559082693307,0.7970144091730669
Europe_NorthAmerica,Europe & North America,2013,43,29,17,5,7,22,0.6744186046511628,0.5862068965517241,0.1724137931034483,0.2413793103448276,0.7586206896551724,2.1137666510744415,1.3481625273180198,-2.17800069983695,-1.8414729706680788,0.4754580053111741,0.054237062036258665,0.47030493265256723,0.5296950673474328
Europe_NorthAmerica,Europe & North America,2014,43,36,32,1,3,33,0.8372093023255814,0.8888888888888888,0.027777777777777776,0.08333333333333333,0.9166666666666666,2.6622930671867255,2.1602962863103925,-3.195895909218875,-3.1661440205124736,0.9723803346112073,0.01202868976175534,0.01559097562703738,0.9844090243729626
Europe_NorthAmerica,Europe & North America,2015,43,36,14,9,13,23,0.8372093023255814,0.3888888888888889,0.25,0.3611111111111111,0.6388888888888888,3.20904504830948,2.5046707797510726,-0.46156911765060676,1.1262422503603875,0.6030189834428297,0.1058166077203606,0.2911644088368097,0.7088355911631903
Europe_NorthAmerica,Europe & North America,2016,43,38,22,10,6,32,0.8837209302325582,0.5789473684210527,0.2631578947368421,0.15789473684210525,0.8421052631578947,2.6227653534539113,2.5619228706530772,-0.8640900442973463,-0.8953104269270651,0.7449049869262159,0.18814393353874506,0.06695107953503907,0.9330489204649609
Europe_NorthAmerica,Europe & North America,2017,43,42,16,14,12,30,0.9767441860465116,0.38095238095238093,0.3333333333333333,0.2857142857142857,0.7142857142857143,3.3996746313127915,2.6806938537542457,1.3041843513166058,0.7219446564198151,0.5903237557491242,0.29060374025834407,0.1190725039925317,0.8809274960074683
Europe_NorthAmerica,Europe & North America,2018,43,41,23,7,11,30,0.9534883720930233,0.5609756097560976,0.17073170731707318,0.2682926829268293,0.7317073170731707,3.031219504039024,2.7165875511459214,-0.31312839015628446,-1.2693041156958018,0.429760050045797,0.04686507838417269,0.5233748715700303,0.4766251284299697
Europe_NorthAmerica,Europe & North America,2019,43,40,32,5,3,37,0.9302325581395349,0.8,0.125,0.075,0.925,2.5936348540568384,2.263505179372405,-3.2572334133867273,-2.7631908759500776,0.8410916100042963,0.1491244928614015,0.00978389713430214,0.9902161028656978
Europe_NorthAmerica,Europe & North America,2020,43,2,2,0,0,2,0.046511627906976744,1.0,0.0,0.0,1.0,2.9382328412569936,2.9382328412569936,-3.5812639401733515,-3.5812639401733515,1.0,0.0,0.0,1.0
Europe_NorthAmerica,Europe & North America,2021,43,43,5,22,16,27,1.0,0.11627906976744186,0.5116279069767442,0.37209302325581395,0.627906976744186,6.858554462486322,6.039665773537983,4.965605767852705,4.024465246205189,0.05503184356006837,0.19036005002339798,0.7546081064165336,0.24539189358346636
Europe_NorthAmerica,Europe & North America,2022,43,35,23,9,3,32,0.813953488372093,0.6571428571428571,0.2571428571428571,0.08571428571428572,0.9142857142857143,3.7984033293325274,4.010978809619403,-2.361469032682077,-3.336191963543167,0.42984096776206127,0.5608459906542821,0.009313041583656626,0.9906869584163434
Europe_NorthAmerica,Europe & North America,2023,43,26,21,4,1,25,0.6046511627906976,0.8076923076923077,0.15384615384615385,0.038461538461538464,0.9615384615384616,3.175721992471985,2.2069929283736633,-4.056952126956885,-5.051928284922747,0.7690820037915604,0.22622555203815767,0.004692444170281894,0.9953075558297181
Europe_NorthAmerica,Europe & North America,2024,42,34,23,8,3,31,0.8095238095238095,0.6764705882352942,0.23529411764705882,0.08823529411764706,0.9117647058823529,2.1829246039230914,2.0674091095490787,-1.3687383311063852,-0.981901556050957,0.7787329057599401,0.19729192900495132,0.023975165235108536,0.9760248347648914
Global_South,Global South,1991,135,72,27,14,31,41,0.5333333333333333,0.375,0.19444444444444445,0.4305555555555556,0.5694444444444444,4.8262323144107535,3.200486460960106,6.025625562449634,2.294798097394035,0.3070914730501782,0.26257567583952074,0.43033285111030106,0.5696671488896989
Global_South,Global South,1992,135,71,21,21,29,42,0.5259259259259259,0.29577464788732394,0.29577464788732394,0.4084507042253521,0.5915492957746479,6.492047125068065,5.1520555547657665,2.7505346859276574,3.8231261008172535,0.13023274580108324,0.397253791812493,0.4725134623864238,0.5274865376135762
Global_South,Global South,1993,136,77,34,16,27,50,0.5661764705882353,0.44155844155844154,0.2077922077922078,0.35064935064935066,0.6493506493506493,4.667081251197844,3.6541167384018802,4.042060124854217,0.6492607104920056,0.1873530988218689,0.2431537568154581,0.5694931443626731,0.430506855637327
Global_South,Global South,1994,136,84,23,14,47,37,0.6176470588235294,0.27380952380952384,0.16666666666666666,0.5595238095238095,0.44047619047619047,4.252726560634615,3.0784021512167747,25.608719113570157,5.343524716540782,0.21094106214260405,0.3438691643805127,0.44518977347688327,0.5548102265231167
Global_South,Global South,1995,136,99,31,22,46,53,0.7279411764705882,0.31313131313131315,0.2222222222222222,0.46464646464646464,0.5353535353535354,4.7416627679555265,3.2518307546851144,6.688277949687515,2.104047986694524,0.08087470533212962,0.13471119142897361,0.7844141032388967,0.21558589676110324
Global_South,Global South,1996,136,104,34,25,45,59,0.7647058823529411,0.3269230769230769,0.2403846153846154,0.4326923076923077,0.5673076923076923,4.8273403120633445,4.006465479057974,4.9486354561284775,3.684605422110454,0.1982488625583867,0.3509973658855291,0.4507537715560842,0.5492462284439158
Global_South,Global South,1997,136,102,34,25,43,59,0.75,0.3333333333333333,0.24509803921568626,0.4215686274509804,0.5784313725490197,6.493490182684087,3.3651043866929076,5.518869455173544,2.5121384233251276,0.22385012501854643,0.165512775113156,0.6106370998682976,0.38936290013170244
Global_South,Global South,1998,136,101,32,25,44,57,0.7426470588235294,0.31683168316831684,0.24752475247524752,0.43564356435643564,0.5643564356435643,3.5230665544437754,2.6011187599826346,2.4410043664414407,1.7716505468490684,0.28736670904420664,0.23373044820889965,0.4789028427468937,0.5210971572531063
Global_South,Global South,1999,136,92,42,21,29,63,0.6764705882352942,0.45652173913043476,0.22826086956521738,0.31521739130434784,0.6847826086956522,3.7427879563882334,2.2565064546105185,1.2502151955874918,0.7462223955717939,0.3743423787630203,0.1776364530005689,0.4480211682364108,0.5519788317635892
Global_South,Global South,2000,136,100,38,23,39,61,0.7352941176470589,0.38,0.23,0.39,0.61,4.647936746762566,3.2657526884853016,8.261929121609095,1.6744155923667958,0.34629752977132544,0.29632776846095554,0.357374701767719,0.642625298232281
Global_South,Global South,2001,137,92,35,12,45,47,0.6715328467153284,0.3804347826086957,0.13043478260869565,0.4891304347826087,0.5108695652173914,3.842555623387375,2.4762352459523407,2.2726302893637795,2.052761303867523,0.3883577615811698,0.036387082804038025,0.5752551556147921,0.4247448443852078
Global_South,Global South,2002,137,97,40,17,40,57,0.708029197080292,0.41237113402061853,0.17525773195876287,0.41237113402061853,0.5876288659793815,3.771756500385589,2.705759738527269,0.7157302330072232,1.943513209539982,0.40999127777060507,0.2572100515109894,0.3327986707184056,0.6672013292815945
Global_South,Global South,2003,141,104,27,36,41,63,0.7375886524822695,0.25961538461538464,0.34615384615384615,0.3942307692307692,0.6057692307692307,4.4045834947425195,3.647310617068389,4.7617181886594615,3.0380705694233123,0.17477579302854795,0.3671108217415505,0.4581133852299015,0.5418866147700985
Global_South,Global South,2004,141,118,40,36,42,76,0.8368794326241135,0.3389830508474576,0.3050847457627119,0.3559322033898305,0.6440677966101694,5.210364299166453,3.8676304317450505,3.341647995164627,1.6049938988626944,0.24541119114204804,0.3540089046288056,0.40057990422914636,0.5994200957708536
Global_South,Global South,2005,141,114,34,37,43,71,0.8085106382978723,0.2982456140350877,0.32456140350877194,0.37719298245614036,0.6228070175438597,4.757850996138498,3.5312187890597646,3.644200544097396,2.824494271338085,0.3757405873879651,0.30723944818846,0.31701996442357483,0.6829800355764252
Global_South,Global South,2006,141,119,36,32,51,68,0.8439716312056738,0.3025210084033613,0.2689075630252101,0.42857142857142855,0.5714285714285714,4.93122828539248,4.1001177969151925,4.26250145120465,2.8328552586163847,0.2633925890578504,0.3296747393331593,0.4069326716089903,0.5930673283910097
Global_South,Global South,2007,142,120,32,36,52,68,0.8450704225352113,0.26666666666666666,0.3,0.43333333333333335,0.5666666666666667,4.683670522979914,4.095119050042939,4.717701814955434,3.45449350148046,0.15502083172554224,0.49787390271445114,0.3471052655600066,0.6528947344399934
Global_South,Global South,2008,143,111,51,18,42,69,0.7762237762237763,0.4594594594594595,0.16216216216216217,0.3783783783783784,0.6216216216216216,3.890745155528235,3.57942621491385,2.0116486338911748,0.7605044457347665,0.3968152894455051,0.19716627189680064,0.4060184386576942,0.5939815613423057
Global_South,Global South,2009,143,64,29,12,23,41,0.44755244755244755,0.453125,0.1875,0.359375,0.640625,3.6402244455363055,3.1303745390657944,3.800579933366094,0.7480852505152291,0.4662151395778416,0.21724559060592594,0.3165392698162324,0.6834607301837675
Global_South,Global South,2010,143,116,34,27,55,61,0.8111888111888111,0.29310344827586204,0.23275862068965517,0.47413793103448276,0.5258620689655172,4.326633630056375,4.007410145924862,4.432475830990721,3.8498082192702565,0.17689944889014428,0.2235606378429805,0.5995399132668752,0.4004600867331248
Global_South,Global South,2011,143,112,39,23,50,62,0.7832167832167832,0.3482142857142857,0.20535714285714285,0.44642857142857145,0.5535714285714286,4.179460419017988,3.6091321379726593,3.53440895358142,3.339599508599922,0.2778149482988675,0.18519904972048296,0.5369860019806496,0.46301399801935045
Global_South,Global South,2012,142,107,39,16,52,55,0.7535211267605634,0.3644859813084112,0.14953271028037382,0.48598130841121495,0.514018691588785,4.535127047889739,3.4540636116038304,5.491057257040422,2.376445893716461,0.43800931708096297,0.09830411933287458,0.4636865635861624,0.5363134364138376
Global_South,Global South,2013,142,107,36,23,48,59,0.7535211267605634,0.3364485981308411,0.21495327102803738,0.4485981308411215,0.5514018691588785,3.4185826487114603,2.9546606175452794,3.2314232084412766,2.1452631356174257,0.2526235715095821,0.25227670381664574,0.49509972467377217,0.5049002753262278
Global_South,Global South,2014,143,112,33,15,64,48,0.7832167832167832,0.29464285714285715,0.13392857142857142,0.5714285714285714,0.42857142857142855,2.961895529333891,2.7239935469371757,3.0675783544642914,3.7558900306692067,0.2110797730797992,0.10007883177149708,0.6888413951487037,0.31115860485129626
Global_South,Global South,2015,143,103,29,20,54,49,0.7202797202797203,0.2815533980582524,0.1941747572815534,0.5242718446601942,0.47572815533980584,2.8452674033020062,2.6597178531839294,4.586716709041127,2.6954347969276204,0.18627686193607734,0.32317960640603033,0.49054353165789233,0.5094564683421077
Global_South,Global South,2016,143,105,28,17,60,45,0.7342657342657343,0.26666666666666666,0.1619047619047619,0.5714285714285714,0.42857142857142855,3.3023610654989306,2.7389601503705396,5.3777816758299215,4.158861358438259,0.24465924669545613,0.12713903787361897,0.628201715430925,0.3717982845690751
Global_South,Global South,2017,143,109,49,19,41,68,0.7622377622377622,0.44954128440366975,0.1743119266055046,0.3761467889908257,0.6238532110091743,4.03233860986981,2.744408885210192,1.3777139286402207,0.4990791573351361,0.2549321906755213,0.1004835907161765,0.6445842186083022,0.35541578139169777
Global_South,Global South,2018,143,104,39,18,47,57,0.7272727272727273,0.375,0.17307692307692307,0.4519230769230769,0.5480769230769231,2.996569785856221,2.540316685964372,4.287729889729323,1.8217160908500452,0.46084246796371675,0.15715259570936463,0.3820049363269186,0.6179950636730813
Global_South,Global South,2019,142,101,34,19,48,53,0.7112676056338029,0.33663366336633666,0.18811881188118812,0.4752475247524752,0.5247524752475248,3.0490756436276105,2.7425753035644096,4.470197596075534,2.7609365416313425,0.40099449838698975,0.25012742888254175,0.34887807273046856,0.6511219272695314
Global_South,Global South,2020,142,19,6,5,8,11,0.13380281690140844,0.3157894736842105,0.2631578947368421,0.42105263157894735,0.5789473684210527,5.503931832864366,1.9158143477215672,3.144108083724078,2.1879739873716053,0.424197706674179,0.14345316893181148,0.4323491243940095,0.5676508756059905
Global_South,Global South,2021,142,109,25,28,56,53,0.7676056338028169,0.22935779816513763,0.25688073394495414,0.5137614678899083,0.48623853211009177,5.842331980849253,3.873432597681825,6.294314435063149,5.232763807635621,0.16771995619567168,0.22001734409006413,0.6122626997142642,0.3877373002857358
Global_South,Global South,2022,142,119,38,43,38,81,0.8380281690140845,0.31932773109243695,0.36134453781512604,0.31932773109243695,0.680672268907563,5.127064215682604,3.5845353140039338,3.059968760225531,1.7616525118196336,0.4346703063892408,0.276044708579859,0.28928498503090017,0.7107150149690998
Global_South,Global South,2023,137,108,55,26,27,81,0.7883211678832117,0.5092592592592593,0.24074074074074073,0.25,0.75,3.4998256487406563,2.6555266855890824,-0.2336221874201821,-0.01454761211301947,0.47285492383722394,0.17742386145701242,0.34972121470576367,0.6502787852942363
Global_South,Global South,2024,131,106,36,40,30,76,0.8091603053435115,0.33962264150943394,0.37735849056603776,0.2830188679245283,0.7169811320754716,3.407522875669985,2.879886785637953,1.2715871628156366,1.5081475260214527,0.37065235898036336,0.2313458505559327,0.39800179046370393,0.6019982095362961
India,India,1991,1,0,0,0,0,0,0.0,,,,,,,,,,,,
India,India,1992,1,1,0,1,0,1,1.0,0.0,1.0,0.0,1.0,3.2593954401009873,3.2593954401009873,1.4176094614049006,1.4176094614049006,0.0,1.0,0.0,1.0
India,India,1993,1,1,0,1,0,1,1.0,0.0,1.0,0.0,1.0,2.5740895174477085,2.5740895174477085,2.322128658353928,2.322128658353928,0.0,1.0,0.0,1.0
India,India,1994,1,1,0,1,0,1,1.0,0.0,1.0,0.0,1.0,4.500575214819302,4.500575214819302,4.1514523297016215,4.1514523297016215,0.0,1.0,0.0,1.0
India,India,1995,1,1,0,1,0,1,1.0,0.0,1.0,0.0,1.0,5.43070280287512,5.43070280287512,4.937008772862872,4.937008772862872,0.0,1.0,0.0,1.0
India,India,1996,1,1,0,1,0,1,1.0,0.0,1.0,0.0,1.0,5.422261410599027,5.422261410599027,2.5811234629743884,2.5811234629743884,0.0,1.0,0.0,1.0
India,India,1997,1,1,0,0,1,0,1.0,0.0,0.0,1.0,0.0,2.0237448902125754,2.0237448902125754,3.2516767200036822,3.2516767200036822,0.0,0.0,1.0,0.0
India,India,1998,1,1,0,1,0,1,1.0,0.0,1.0,0.0,1.0,4.148494857336904,4.148494857336904,0.6433980564407582,0.6433980564407582,0.0,1.0,0.0,1.0
India,India,1999,1,1,0,1,0,1,1.0,0.0,1.0,0.0,1.0,6.7950419246813665,6.7950419246813665,4.761498014808363,4.761498014808363,0.0,1.0,0.0,1.0
India,India,2000,1,1,0,1,0,1,1.0,0.0,1.0,0.0,1.0,1.9076300581657435,1.9076300581657435,1.7404439455201315,1.7404439455201315,0.0,1.0,0.0,1.0
India,India,2001,1,1,1,0,0,1,1.0,1.0,0.0,0.0,1.0,2.881346582686306,2.881346582686306,-0.26743056438512935,-0.26743056438512935,1.0,0.0,0.0,1.0
India,India,2002,1,1,0,1,0,1,1.0,0.0,1.0,0.0,1.0,1.9407054851533712,1.9407054851533712,1.8973135275967445,1.8973135275967445,0.0,1.0,0.0,1.0
India,India,2003,1,1,0,1,0,1,1.0,0.0,1.0,0.0,1.0,6.005799643147425,6.005799643147425,1.266097106075037,1.266097106075037,0.0,1.0,0.0,1.0
India,India,2004,1,1,0,1,0,1,1.0,0.0,1.0,0.0,1.0,6.099965224500958,6.099965224500958,6.030611784820783,6.030611784820783,0.0,1.0,0.0,1.0
India,India,2005,1,1,0,1,0,1,1.0,0.0,1.0,0.0,1.0,6.177028924863626,6.177028924863626,2.5654331779206174,2.5654331779206174,0.0,1.0,0.0,1.0
India,India,2006,1,1,0,1,0,1,1.0,0.0,1.0,0.0,1.0,6.38367720854629,6.38367720854629,5.073463848709681,5.073463848709681,0.0,1.0,0.0,1.0
India,India,2007,1,1,0,0,1,0,1.0,0.0,0.0,1.0,0.0,6.051600137406443,6.051600137406443,7.2658505407950935,7.2658505407950935,0.0,0.0,1.0,0.0
India,India,2008,1,1,0,0,1,0,1.0,0.0,0.0,1.0,0.0,1.6141345170292976,1.6141345170292976,5.8501688357856185,5.8501688357856185,0.0,0.0,1.0,0.0
India,India,2009,1,1,0,1,0,1,1.0,0.0,1.0,0.0,1.0,6.31340985793869,6.31340985793869,5.141265965655473,5.141265965655473,0.0,1.0,0.0,1.0
India,India,2010,1,1,0,1,0,1,1.0,0.0,1.0,0.0,1.0,6.930797804152267,6.930797804152267,5.174701694381745,5.174701694381745,0.0,1.0,0.0,1.0
India,India,2011,1,1,0,0,1,0,1.0,0.0,0.0,1.0,0.0,3.7607415314588444,3.7607415314588444,5.180432259929613,5.180432259929613,0.0,0.0,1.0,0.0
India,India,2012,1,1,0,0,1,0,1.0,0.0,0.0,1.0,0.0,4.0172673583633856,4.0172673583633856,7.701491587898368,7.701491587898368,0.0,0.0,1.0,0.0
India,India,2013,1,1,0,1,0,1,1.0,0.0,1.0,0.0,1.0,4.977699973025884,4.977699973025884,1.4836231839391978,1.4836231839391978,0.0,1.0,0.0,1.0
India,India,2014,1,1,0,0,1,0,1.0,0.0,0.0,1.0,0.0,6.063980741627173,6.063980741627173,6.609630637743025,6.609630637743025,0.0,0.0,1.0,0.0
India,India,2015,1,1,0,1,0,1,1.0,0.0,1.0,0.0,1.0,6.715667346402587,6.715667346402587,0.60555777037965,0.60555777037965,0.0,1.0,0.0,1.0
India,India,2016,1,1,0,1,0,1,1.0,0.0,1.0,0.0,1.0,6.973946909292494,6.973946909292494,0.27919895269690187,0.27919895269690187,0.0,1.0,0.0,1.0
India,India,2017,1,1,0,1,0,1,1.0,0.0,1.0,0.0,1.0,5.561185034604921,5.561185034604921,4.369085403911899,4.369085403911899,0.0,1.0,0.0,1.0
India,India,2018,1,1,0,1,0,1,1.0,0.0,1.0,0.0,1.0,5.292119719147381,5.292119719147381,3.589048619093349,3.589048619093349,0.0,1.0,0.0,1.0
India,India,2019,1,1,1,0,0,1,1.0,1.0,0.0,0.0,1.0,2.7967575996587835,2.7967575996587835,-1.2372142320655755,-1.2372142320655755,1.0,0.0,0.0,1.0
India,India,2020,1,0,0,0,0,0,0.0,,,,,,,,,,,,
India,India,2021,1,1,0,0,1,0,1.0,0.0,0.0,1.0,0.0,8.790934476762647,8.790934476762647,9.320955806747877,9.320955806747877,0.0,0.0,1.0,0.0
India,India,2022,1,1,0,0,1,0,1.0,0.0,0.0,1.0,0.0,6.762386017278832,6.762386017278832,7.2000297987121264,7.2000297987121264,0.0,0.0,1.0,0.0
India,India,2023,1,1,0,1,0,1,1.0,0.0,1.0,0.0,1.0,8.230531433493905,8.230531433493905,6.445571771549408,6.445571771549408,0.0,1.0,0.0,1.0
India,India,2024,1,1,0,1,0,1,1.0,0.0,1.0,0.0,1.0,5.550421585113807,5.550421585113807,3.6934495999727535,3.6934495999727535,0.0,1.0,0.0,1.0
