region,year_to,gdp_pc_region,co2_pc_region,population_region,log_gdp_region,log_co2_region,year_from,d_log_gdp,d_log_co2,year_gap,gdp_change_pct,co2_change_pct,decoupling_classification,gdp_expansion,region_display
China,1991,989.548540519036,2.21606084568727,1150780000.0,6.8972488194423,0.7957312259481926,1990,0.07584623066875373,0.041127327156387006,1.0,7.879667555920111,4.198477005717272,Relative decoupling,True,China
China,1992,1117.27329480169,2.2917226194666,1164970000.0,7.018646437720783,0.8293037703537088,1991,0.12139761827848261,0.03357254440551627,1.0,12.907376349184418,3.414246225530171,Relative decoupling,True,China
China,1993,1258.34946089635,2.45254862360409,1178440000.0,7.1375561895392545,0.8971277383991088,1992,0.11890975181847185,0.06782396804539992,1.0,12.626827003835327,7.017690656425191,Relative decoupling,True,China
China,1994,1406.85845705008,2.55649490072032,1191835000.0,7.249114452942431,0.9386371409027651,1993,0.1115582634031762,0.04150940250365631,1.0,11.801888169280339,4.2382962815015635,Relative decoupling,True,China
China,1995,1545.19429404212,2.79351042241598,1204855000.0,7.342904938086706,1.0272990208626678,1994,0.09379048514427524,0.08866187995990271,1.0,9.832960544026914,9.271112632725309,Relative decoupling,True,China
China,1996,1681.62743528935,2.74342450002053,1217550000.0,7.427517314980887,1.009206957553943,1995,0.08461237689418066,-0.018092063308724704,1.0,8.829513658785949,-1.7929384473938437,Absolute decoupling,True,China
China,1997,1819.09789302268,2.79439822775034,1230075000.0,7.506095994014891,1.0276167802955474,1996,0.0785786790340044,0.018409822741604298,1.0,8.174846273822588,1.8580328246477595,Relative decoupling,True,China
China,1998,1944.43719705771,2.83592410230809,1241935000.0,7.572727855340976,1.0423678460790757,1997,0.06663186132608523,0.014751065783528361,1.0,6.890190160506515,1.4860399690126203,Relative decoupling,True,China
China,1999,2076.81812919622,2.75219491752047,1252735000.0,7.638592255861221,1.0123987451503222,1998,0.06586440052024489,-0.02996910092875349,1.0,6.808187599930049,-2.952448012253739,Absolute decoupling,True,China
China,2000,2237.44298500334,2.88907594771294,1262645000.0,7.713088968261597,1.060936709720401,1999,0.07449671240037592,0.04853796457007875,1.0,7.734180164793081,4.973522381030704,Relative decoupling,True,China
China,2001,2405.89396743215,3.00747564571294,1271850000.0,7.78567682550206,1.1011010709828501,2000,0.07258785724046302,0.040164361262449155,1.0,7.528727371283539,4.0981857224531515,Relative decoupling,True,China
China,2002,2610.72960252379,3.22795454545455,1280400000.0,7.867385002449233,1.171848668974777,2001,0.08170817694717325,0.07074759799192676,1.0,8.513909501600558,7.331028600543954,Relative decoupling,True,China
China,2003,2857.0373538115,3.7046788264514094,1288400000.0,7.957540476633052,1.3095965684727187,2002,0.09015547418381864,0.13774789949794175,1.0,9.434441278392192,14.76861815381383,Coupled expansion,True,China
China,2004,3127.86276523632,4.24069749050016,1296075000.0,8.048105227696462,1.4447277581912705,2003,0.09056475106341022,0.13513118971855187,1.0,9.47923943183735,14.468694565952035,Coupled expansion,True,China
China,2005,3465.81734409951,4.78299420120885,1303720000.0,8.15070376955034,1.565066752322106,2004,0.10259854185387773,0.12033899413083549,1.0,10.804648548500273,12.78791311862073,Coupled expansion,True,China
China,2006,3883.35412942474,5.28052516361306,1311020000.0,8.26445452552807,1.664025555577577,2005,0.11375075597772977,0.0989588032554709,1.0,12.047281892569517,10.402081655847795,Relative decoupling,True,China
China,2007,4409.75700836878,5.7076324565497,1317885000.0,8.391574866779688,1.741804306607575,2006,0.12712034125161864,0.0777787510299981,1.0,13.555366350840936,8.088348785453059,Relative decoupling,True,China
China,2008,4811.47471804961,5.85225866357655,1324655000.0,8.47875891029852,1.7668276830656255,2007,0.0871840435188318,0.025023376458050528,1.0,9.109747065846374,2.5339089040480767,Relative decoupling,True,China
China,2009,5237.76666540352,6.24909018523805,1331260000.0,8.563650477569803,1.8324358827900045,2008,0.08489156727128311,0.06560819972437892,1.0,8.859902053620527,6.780826762345793,Relative decoupling,True,China
China,2010,5764.86534987407,6.80718476794211,1337705000.0,8.659537075947144,1.917978637911459,2009,0.0958865983773407,0.08554275512145448,1.0,10.063424320753867,8.930813385001613,Relative decoupling,True,China
China,2011,6275.90956436258,7.40185065816131,1345035000.0,8.744473703991705,2.0017300578838153,2010,0.08493662804456115,0.08375141997235636,1.0,8.864807475506264,8.735856458895164,Relative decoupling,True,China
China,2012,6723.19443752823,7.58441651466929,1354190000.0,8.813318683295542,2.0260956836278496,2011,0.0688449793038366,0.024365625744034336,1.0,7.1270127234708935,2.4664893273236066,Relative decoupling,True,China
China,2013,7198.06876478162,7.893276312314781,1363240000.0,8.881568041911157,2.0660112973749953,2012,0.06824935861561521,0.039915613747145695,1.0,7.063224657057243,4.072294777694685,Relative decoupling,True,China
China,2014,7686.57792954381,7.931643316373389,1371860000.0,8.947230960796519,2.0708602419678788,2013,0.06566291888536213,0.004848944592883431,1.0,6.786669879459084,0.4860719749383291,Relative decoupling,True,China
China,2015,8175.332850773929,7.79057049265868,1379860000.0,9.008876710627593,2.052914091175337,2014,0.06164574983107407,-0.017946150792541804,1.0,6.3585502639810665,-1.7786077624480479,Absolute decoupling,True,China
China,2016,8679.37704460133,7.763224839493011,1387790000.0,9.068705036023728,2.049397819968573,2015,0.059828325396134474,-0.00351627120676401,1.0,6.165427182327954,-0.351009636475752,Absolute decoupling,True,China
China,2017,9221.51403820573,7.878026521703319,1396215000.0,9.129294515456,2.064077431095893,2016,0.06058947943227189,0.01467961112731997,1.0,6.246266187290606,1.4787885779925958,Relative decoupling,True,China
China,2018,9798.6528523316,8.2177362485386,1402760000.0,9.190000191161818,2.1062947755848542,2017,0.06070567570581886,0.042217344488961306,1.0,6.258612324773538,4.3121170752524085,Relative decoupling,True,China
China,2019,10356.4804194995,8.39147587098516,1407745000.0,9.245367730245357,2.1272164133505536,2018,0.055367539083539086,0.02092163776569933,1.0,5.692900601486017,2.114202953124167,Relative decoupling,True,China
China,2020,10573.6420059282,8.47858302033874,1411100000.0,9.266119580153436,2.137543339183442,2019,0.020751849908078768,0.010326925832888634,1.0,2.0968666731586927,1.0380432559517594,Relative decoupling,True,China
China,2021,11469.5707134928,8.88715660313235,1412360000.0,9.347452782526133,2.1846071561980582,2020,0.08133320237269714,0.04706381701461604,1.0,8.473227172456665,4.818889923157066,Relative decoupling,True,China
China,2022,11830.5983703496,8.86482511020235,1412175000.0,9.378444536449786,2.182091211210007,2021,0.03099175392365261,-0.0025159449880511886,1.0,3.1476998213375795,-0.25127826511043283,Absolute decoupling,True,China
China,2023,12484.157884417502,9.23027553501428,1410710000.0,9.432215750252183,2.2224889001834187,2022,0.053771213802397355,0.04039768897341167,1.0,5.52431494678991,4.122477547710912,Relative decoupling,True,China
China,2024,13121.6769905565,9.31508933799393,1408975000.0,9.482020873732049,2.231635594774488,2023,0.04980512347986554,0.009146694591069426,1.0,5.1066248283734295,0.9188653432707694,Relative decoupling,True,China
DevelopedAsia_Oceania,1991,25398.12010747275,9.289577389020977,202226573.0,10.14243043875082,2.2288930608352406,1990,0.028154048138278043,0.018631755901748814,1.0,2.8554119064990946,1.8806410084186709,Relative decoupling,True,Developed Asia & Oceania
DevelopedAsia_Oceania,1992,25649.38077971635,9.454973124696208,203708395.0,10.152274709165852,2.246540859662828,1991,0.009844270415031886,0.01764779882758738,1.0,0.989288463793403,1.7804441337741173,Coupled expansion,True,Developed Asia & Oceania
DevelopedAsia_Oceania,1993,25827.06469633981,9.561967316151431,205090107.0,10.159178240311498,2.257793492100541,1992,0.0069035311456460136,0.011252632437713128,1.0,0.6927415447158136,1.1316181446963336,Coupled expansion,True,Developed Asia & Oceania
DevelopedAsia_Oceania,1994,26368.779065050207,9.914344472882224,206495256.0,10.179935978125664,2.293982645099473,1993,0.020757737814166788,0.036189152998931995,1.0,2.097467811691267,3.6851951599497834,Coupled expansion,True,Developed Asia & Oceania
DevelopedAsia_Oceania,1995,27175.581015263306,10.10776604888385,207878179.0,10.21007409226732,2.3133040441140356,1994,0.030138114141655237,0.019321399014562424,1.0,3.059686412566709,1.950926523994334,Relative decoupling,True,Developed Asia & Oceania
DevelopedAsia_Oceania,1996,28036.3219351617,10.294880226163018,209451752.0,10.241256160474878,2.3316467062365547,1995,0.03118206820755809,0.018342662122519116,1.0,3.1673321700645074,1.8511922058171093,Relative decoupling,True,Developed Asia & Oceania
DevelopedAsia_Oceania,1997,28505.779494585127,10.321480460910845,210753555.0,10.257862134981464,2.334227205279275,1996,0.016605974506585852,0.0025804990427205077,1.0,1.6744620086370565,0.25838313961370485,Relative decoupling,True,Developed Asia & Oceania
DevelopedAsia_Oceania,1998,28077.830321242673,9.856634774285252,211973300.0,10.242735587392428,2.2881448095757477,1997,-0.015126547589035866,-0.04608239570352746,1.0,-1.501271605022203,-4.5036725921832605,"Economic contraction, emissions falling",False,Developed Asia & Oceania
DevelopedAsia_Oceania,1999,28546.308981836548,10.23204704862055,213012664.0,10.259282924128772,2.325524662450152,1998,0.016547336736344676,0.037379852874404484,1.0,1.6685002196891174,3.8087266387784036,Coupled expansion,True,Developed Asia & Oceania
DevelopedAsia_Oceania,2000,29579.36757319328,10.483474441524896,214150100.0,10.294832355819642,2.3498001546286003,1999,0.035549431690869326,0.024275492178448044,1.0,3.6188867429903127,2.4572540734968618,Relative decoupling,True,Developed Asia & Oceania
DevelopedAsia_Oceania,2001,29765.724539176095,10.45031253705758,215399577.0,10.301112827275979,2.346631885815989,2000,0.0062804714563373665,-0.003168268812611341,1.0,0.6300234970259222,-0.3163255145256505,Absolute decoupling,True,Developed Asia & Oceania
DevelopedAsia_Oceania,2002,30173.59952402433,10.68539979895585,216461896.0,10.314722633091632,2.368878304913032,2001,0.013609805815653075,0.02224641909704328,1.0,1.370284080642592,2.2495715899848445,Coupled expansion,True,Developed Asia & Oceania
DevelopedAsia_Oceania,2003,30704.809677393663,10.729602548975596,217337193.0,10.332174588320374,2.373006514854574,2002,0.017451955228741767,0.004128209941541616,1.0,1.7605130370554223,0.4136742737886667,Relative decoupling,True,Developed Asia & Oceania
DevelopedAsia_Oceania,2004,31654.560449639823,10.800440971460594,218077605.0,10.362637507228364,2.37958696398742,2003,0.03046291890798969,0.006580449132846056,1.0,3.0931661268214894,0.660214785791502,Relative decoupling,True,Developed Asia & Oceania
DevelopedAsia_Oceania,2005,32441.37803373571,10.805152603120863,218750867.0,10.387189986788766,2.380023113239112,2004,0.024552479560401963,0.00043614925169199736,1.0,2.485637370790994,0.0436244378606121,Relative decoupling,True,Developed Asia & Oceania
DevelopedAsia_Oceania,2006,33172.48685442722,10.729586127988805,219738923.0,10.409476102131283,2.3730049844158385,2005,0.02228611534251712,-0.007018128823273351,1.0,2.253630594641365,-0.6993559268217098,Absolute decoupling,True,Developed Asia & Oceania
DevelopedAsia_Oceania,2007,34006.348759779474,10.978731296575518,220941959.0,10.434302514395561,2.3959598826453723,2006,0.02482641226427873,0.022954898229533782,1.0,2.513715384111981,2.3220389455358204,Relative decoupling,True,Developed Asia & Oceania
DevelopedAsia_Oceania,2008,33975.238595209856,10.658412423730253,222273403.0,10.433387261664585,2.3663494792912587,2007,-0.0009152527309765901,-0.02961040335411358,1.0,-0.0914834014949184,-2.9176310467237565,"Economic contraction, emissions falling",False,Developed Asia & Oceania
DevelopedAsia_Oceania,2009,32851.0650444401,10.366872196394567,223330061.0,10.399739444831336,2.3386153563393144,2008,-0.033647816833248356,-0.02773412295194433,1.0,-3.3088025198687143,-2.7353063077817263,"Economic contraction, emissions falling",False,Developed Asia & Oceania
DevelopedAsia_Oceania,2010,34272.856047192974,10.895639484054287,224268094.0,10.442108950969871,2.388362661860347,2009,0.04236950613853452,0.04974730552103246,1.0,4.327990586696284,5.100547953543955,Coupled expansion,True,Developed Asia & Oceania
DevelopedAsia_Oceania,2011,34738.85062899287,11.252341830236562,225064350.0,10.455613954302263,2.4205762696752773,2010,0.013505003332392462,0.032213607814930434,1.0,1.3596607798259885,3.2738082670989987,Coupled expansion,True,Developed Asia & Oceania
DevelopedAsia_Oceania,2012,35369.946751669806,11.402276791266182,225911355.0,10.473617776732455,2.43381305399148,2011,0.018003822430191718,0.013236784316202677,1.0,1.816686825413294,1.3324778369843582,Relative decoupling,True,Developed Asia & Oceania
DevelopedAsia_Oceania,2013,36171.28846880683,11.358955263177036,226673584.0,10.496020946894113,2.4300064427942214,2012,0.022403170161657826,-0.003806611197258558,1.0,2.265600575435389,-0.3799375237262259,Absolute decoupling,True,Developed Asia & Oceania
DevelopedAsia_Oceania,2014,36596.7196037315,11.009906510425578,227551469.0,10.507713887059253,2.39879545936571,2013,0.011692940165140442,-0.031210983428511252,1.0,1.1761569823302898,-3.072894862813569,Absolute decoupling,True,Developed Asia & Oceania
DevelopedAsia_Oceania,2015,37144.6099649387,10.867923219618476,228430644.0,10.522573951192609,2.3858156267267123,2014,0.014860064133355166,-0.012979832638997824,1.0,1.497102382781157,-1.2895957896885912,Absolute decoupling,True,Developed Asia & Oceania
DevelopedAsia_Oceania,2016,37685.80091231186,10.853065981914556,229341193.0,10.537038668866165,2.384447619046849,2015,0.014464717673556393,-0.0013680076798632257,1.0,1.4569837935679564,-0.13670723839031007,Absolute decoupling,True,Developed Asia & Oceania
DevelopedAsia_Oceania,2017,38482.87910668136,10.85337501662051,230107252.0,10.557968722840405,2.3844760930565676,2016,0.02093005397424008,2.8474009718504334e-05,1.0,2.1150623711677197,0.0028474415106893858,Relative decoupling,True,Developed Asia & Oceania
DevelopedAsia_Oceania,2018,39072.27716695763,10.62137287448416,230892892.0,10.573168470634187,2.3628682800091143,2017,0.015199747793781526,-0.021607813047453295,1.0,1.5315851463253205,-2.137603665044918,Absolute decoupling,True,Developed Asia & Oceania
DevelopedAsia_Oceania,2019,39239.364647385075,10.321664202495374,231640417.0,10.577435722095236,2.334245006984154,2018,0.004267251461049781,-0.028623273024960483,1.0,0.4276369143099812,-2.8217507805302633,Absolute decoupling,True,Developed Asia & Oceania
DevelopedAsia_Oceania,2020,38011.83785756029,9.730408960871562,231886194.0,10.545652912762819,2.275255926236691,2019,-0.03178280933241773,-0.058989080747462896,1.0,-3.128304448493624,-5.728293713341969,"Economic contraction, emissions falling",False,Developed Asia & Oceania
DevelopedAsia_Oceania,2021,39550.983570836586,9.914673989389453,231141710.0,10.585345841934272,2.2940158808854894,2020,0.03969292917145317,0.018759954648798427,1.0,4.049122063089583,1.893702816180376,Relative decoupling,True,Developed Asia & Oceania
DevelopedAsia_Oceania,2022,40357.41436164277,9.640329334155156,231115901.0,10.60553040803582,2.265955271333006,2021,0.020184566101548285,-0.028060609552483573,1.0,2.0389651988346635,-2.7670567436498206,Absolute decoupling,True,Developed Asia & Oceania
DevelopedAsia_Oceania,2023,41045.86737295627,9.283620198236182,232070739.0,10.622445436803115,2.2282515782944894,2022,0.016915028767295226,-0.037703693038516395,1.0,1.7058897905209536,-3.700175829628305,Absolute decoupling,True,Developed Asia & Oceania
DevelopedAsia_Oceania,2024,41412.735394228934,9.156949361964385,232433108.0,10.631343730726712,2.2145130841293486,2023,0.008898293923596867,-0.013738494165140835,1.0,0.8938001429940501,-1.3644551755344736,Absolute decoupling,True,Developed Asia & Oceania
Europe_NorthAmerica,1991,23679.55660389266,13.165108657971642,995139504.0,10.07236736432486,2.5775700464631406,1990,-0.005483824632641188,-0.020658404659664953,1.0,-0.5468815913933667,-2.044648165732399,"Economic contraction, emissions falling",False,Europe & North America
Europe_NorthAmerica,1992,23833.40474392961,12.72815681846645,1000544665.0,10.078843436258296,2.543816611706479,1991,0.006476071933436245,-0.033753434756661704,1.0,0.649708702787466,-3.319014304075696,Absolute decoupling,True,Europe & North America
Europe_NorthAmerica,1993,23923.438862518226,12.41047224961172,1005457661.0,10.082613962886793,2.5185406524499134,1992,0.00377052662849664,-0.02527595925656545,1.0,0.3777644006634606,-2.4959196636690217,Absolute decoupling,True,Europe & North America
Europe_NorthAmerica,1994,24492.222653600573,12.121868042400363,1009711107.0,10.106110903427036,2.4950110976754494,1993,0.02349694054024276,-0.023529554774464057,1.0,2.3775168542909286,-2.3254893239085472,Absolute decoupling,True,Europe & North America
Europe_NorthAmerica,1995,24998.135602904706,12.124162827565216,1013682295.0,10.126556525185606,2.4952003892905603,1994,0.020445621758570454,0.0001892916151109425,1.0,2.0656065252196987,0.018930953189921773,Relative decoupling,True,Europe & North America
Europe_NorthAmerica,1996,25549.41272284911,12.25883181925754,1017463049.0,10.148369609960602,2.5062466420577874,1995,0.021813084774995772,0.011046252767227038,1.0,2.205272939956182,1.1107487882474398,Relative decoupling,True,Europe & North America
Europe_NorthAmerica,1997,26389.698606408147,12.276839268050503,1021228390.0,10.180729008682176,2.507714500993631,1996,0.03235939872157445,0.0014678589358436689,1.0,3.28886574683398,0.14689367680755794,Relative decoupling,True,Europe & North America
Europe_NorthAmerica,1998,27213.00810242274,12.272069910743532,1024831784.0,10.211450377023896,2.5073259413772147,1997,0.030721368341719568,-0.00038855961641637293,1.0,3.1198139406362513,-0.03884841369050651,Absolute decoupling,True,Europe & North America
Europe_NorthAmerica,1999,28184.33394000916,12.234235154220087,1028355017.0,10.246521568517768,2.50423818200397,1998,0.03507119149387172,-0.0030877593732445696,1.0,3.5693438738216843,-0.3082997147068167,Absolute decoupling,True,Europe & North America
Europe_NorthAmerica,2000,29290.79625988184,12.413946158691456,1031486929.0,10.285028624835734,2.5188205308378198,1999,0.03850705631796636,0.014582348833849679,1.0,3.9258061667443167,1.4689189982536766,Relative decoupling,True,Europe & North America
Europe_NorthAmerica,2001,29708.23770717796,12.386128345278992,1034370123.0,10.299179650210588,2.516577164587081,2000,0.014151025374854243,-0.002243366250738621,1.0,1.4251625104090282,-0.22408517853115262,Absolute decoupling,True,Europe & North America
Europe_NorthAmerica,2002,30087.010317401313,12.18738364019242,1037528035.0,10.31184880667517,2.500401288806997,2001,0.012669156464582443,-0.01617587578008406,1.0,1.2749750219340328,-1.6045748885068045,Absolute decoupling,True,Europe & North America
Europe_NorthAmerica,2003,30634.49545363722,12.432968494479953,1041127966.0,10.329881955418685,2.5203516939436175,2002,0.01803314874351436,0.019950405136620386,1.0,1.8196727772558763,2.015074453532617,Coupled expansion,True,Europe & North America
Europe_NorthAmerica,2004,31538.222946967613,12.446186641296308,1045175424.0,10.35895551609419,2.5214142821213854,2003,0.029073560675504595,0.0010625881777679425,1.0,2.9500322428946957,0.10631529245990201,Relative decoupling,True,Europe & North America
Europe_NorthAmerica,2005,32342.159779744474,12.395625873295227,1049197042.0,10.384126914443058,2.517343658225704,2004,0.025171398348868834,-0.004070623895681358,1.0,2.5490872904560646,-0.40623501364924763,Absolute decoupling,True,Europe & North America
Europe_NorthAmerica,2006,33251.076013736274,12.299091012053928,1053494058.0,10.411842406875762,2.5095253581884944,2005,0.027715492432703215,-0.007818300037209625,1.0,2.8103139684600764,-0.7787816624029165,Absolute decoupling,True,Europe & North America
Europe_NorthAmerica,2007,34023.02881935831,12.310135588440804,1058199498.0,10.434792892538258,2.5104229546313004,2006,0.02295048566249669,0.0008975964428059591,1.0,2.3215874436757433,0.08979994030491323,Relative decoupling,True,Europe & North America
Europe_NorthAmerica,2008,34059.98258209862,11.943490437586185,1063145164.0,10.435878442827782,2.480186396700071,2007,0.001085550289523951,-0.03023655793122959,1.0,0.10861397125030425,-2.978400588852148,Absolute decoupling,True,Europe & North America
Europe_NorthAmerica,2009,32696.22074452176,11.008879694871892,1067671146.0,10.39501477664418,2.3987021921397282,2008,-0.040863666183602376,-0.08148420456034255,1.0,-4.004000396329177,-7.82527308577291,"Economic contraction, emissions falling",False,Europe & North America
Europe_NorthAmerica,2010,33402.066042372935,11.444895806726658,1071762374.0,10.416373034607767,2.4375438495384203,2009,0.02135825796358759,0.03884165739869205,1.0,2.158797811424229,3.960585672108552,Coupled expansion,True,Europe & North America
Europe_NorthAmerica,2011,33927.85029602049,11.194132662563815,1074438017.0,10.43199149874256,2.41538977161958,2010,0.015618464134792731,-0.022154077918840276,1.0,1.5741069818272946,-2.191047855721473,Absolute decoupling,True,Europe & North America
Europe_NorthAmerica,2012,34178.04525350875,10.877025811575107,1078694535.0,10.439338765259718,2.3866528411506467,2011,0.007347266517157891,-0.02873693046893333,1.0,0.737432390514936,-2.832795184295067,Absolute decoupling,True,Europe & North America
Europe_NorthAmerica,2013,34494.577900372984,10.82307089826238,1082618705.0,10.448557428360132,2.381680049994906,2012,0.009218663100414304,-0.004972791155740897,1.0,0.9261285849335055,-0.4960447299417692,Absolute decoupling,True,Europe & North America
Europe_NorthAmerica,2014,35087.75886990661,10.57625873064048,1086826050.0,10.465607598481371,2.358611746751137,2013,0.017050170121239105,-0.02306830324376863,1.0,1.7196353909499251,-2.280426414480241,Absolute decoupling,True,Europe & North America
Europe_NorthAmerica,2015,35760.93477703526,10.43035241347416,1091256062.0,10.484611369243206,2.344720056886175,2014,0.01900377076183446,-0.013891689864962142,1.0,1.9185491715916658,-1.3795645594752437,Absolute decoupling,True,Europe & North America
Europe_NorthAmerica,2016,36250.72526539805,10.258898540741528,1095833832.0,10.498214667404003,2.3281454792761402,2015,0.013603298160797195,-0.01657457761003478,1.0,1.3696243999676394,-1.6437975049734765,Absolute decoupling,True,Europe & North America
Europe_NorthAmerica,2017,37069.621391318426,10.197127281468129,1099601985.0,10.520553082748096,2.3221060415507417,2016,0.022338415344092866,-0.0060394377253985,1.0,2.2589785995317024,-0.6021236980567335,Absolute decoupling,True,Europe & North America
Europe_NorthAmerica,2018,37872.76337938026,10.334783943238795,1103207688.0,10.54198748837836,2.3355152875682155,2017,0.021434405630264664,0.01340924601747373,1.0,2.166577261697844,1.349955315560658,Relative decoupling,True,Europe & North America
Europe_NorthAmerica,2019,38587.38610038245,10.039232723649995,1106126365.0,10.560680717082896,2.306500689396066,2018,0.01869322870453516,-0.029014598172149686,1.0,1.8869040894737177,-2.8597716334665346,Absolute decoupling,True,Europe & North America
Europe_NorthAmerica,2020,36973.14250757605,9.158075979197358,1107402933.0,10.517947049875621,2.214636110684148,2019,-0.04273366720727445,-0.09186457871191767,1.0,-4.183345274041361,-8.777132363680007,"Economic contraction, emissions falling",False,Europe & North America
Europe_NorthAmerica,2021,39322.84053056898,9.753989690157807,1106726544.0,10.579560813019292,2.2776764003012255,2020,0.0616137631436704,0.06304028961707742,1.0,6.355148260690746,6.506974961925094,Coupled expansion,True,Europe & North America
Europe_NorthAmerica,2022,40460.832870672566,9.630275260123849,1107082042.0,10.608089695548735,2.26491180900733,2021,0.028528882529442967,-0.0127645912938954,1.0,2.8939728787368724,-1.2683469427776095,Absolute decoupling,True,Europe & North America
Europe_NorthAmerica,2023,41078.1441592823,9.23014992961067,1109871354.0,10.623231486763066,2.2224752921109663,2022,0.015141791214331235,-0.04243651689636385,1.0,1.5257008934613125,-4.1548690946558775,Absolute decoupling,True,Europe & North America
Europe_NorthAmerica,2024,41680.12332734877,9.19543849821514,1116232206.0,10.63777963533239,2.2187075456864913,2023,0.014548148569323516,-0.0037677464244749714,1.0,1.4654487937240335,-0.3760657373958365,Absolute decoupling,True,Europe & North America
Global_South,1991,2792.401065623885,1.7504862378493726,2081380031.0,7.934657101711947,0.559893599541846,1990,0.0008526493570126803,0.00410582012209515,1.0,0.08530129658119723,0.4114260549204385,Coupled expansion,True,Global South
Global_South,1992,2814.729954933519,1.7440106243328863,2130050728.0,7.942621605220284,0.5561874174022265,1991,0.007964503508336662,-0.003706182139619485,1.0,0.7996304536807219,-0.3699322723292098,Absolute decoupling,True,Global South
Global_South,1993,2848.06718297982,1.7421596013837746,2176408348.0,7.954395861783069,0.5551254938567817,1992,0.01177425656278519,-0.001061923545444876,1.0,1.1843845974591094,-0.10613599041690014,Absolute decoupling,True,Global South
Global_South,1994,2885.5596054081266,1.7778066484212252,2222265061.0,7.967474130811047,0.5753803845086379,1993,0.013078269027977818,0.02025489065185626,1.0,1.3164163630817072,2.0461412955010916,Coupled expansion,True,Global South
Global_South,1995,2905.6664980879877,1.7999319355636505,2268814792.0,7.974418074326253,0.587748850611418,1994,0.006943943515206108,0.012368466102780085,1.0,0.6968108592239064,1.2445271909672373,Coupled expansion,True,Global South
Global_South,1996,2985.647218044005,1.8451785977749005,2316106151.0,8.00157182578922,0.6125760737695853,1995,0.027153751462967612,0.024827223158167322,1.0,2.752577421002944,2.5137985118909967,Relative decoupling,True,Global South
Global_South,1997,3065.7965999033595,1.884306424479572,2363513780.0,8.028062716690803,0.6335598086185892,1996,0.02649089090158263,0.020983734849003843,1.0,2.6844893587885332,2.120544144174219,Relative decoupling,True,Global South
Global_South,1998,3051.985162489093,1.8779678141963336,2411657040.0,8.02354753082277,0.6301902422985977,1997,-0.0045151858680334556,-0.003369566319991524,1.0,-0.45050077407963185,-0.3363895702361175,"Economic contraction, emissions falling",False,Global South
Global_South,1999,3036.3394522623903,1.8664370529211805,2459985132.0,8.018407941310938,0.6240312941433143,1998,-0.005139589511831133,-0.006158948155283395,1.0,-0.512640441998069,-0.6140020711743466,"Economic contraction, emissions falling",False,Global South
Global_South,2000,3094.65868966312,1.884948241074301,2528870977.0,8.037432901061258,0.633900362206967,1999,0.019024959750320036,0.00986906806365273,1.0,1.9207087454360394,0.991792791733781,Relative decoupling,True,Global South
Global_South,2001,3082.676952972022,1.89538429125532,2578078505.0,8.03355363905899,0.6394216101939934,2000,-0.003879262002268291,0.0055212479870263564,1.0,-0.38717473856232365,0.553651816724221,"Economic contraction, emissions rising",False,Global South
Global_South,2002,3105.2063063177575,1.907691456271185,2627787572.0,8.040835435418861,0.6458938493998407,2001,0.007281796359871251,0.0064722392058473854,1.0,0.7308373108644739,0.6493229406113743,Relative decoupling,True,Global South
Global_South,2003,3166.4060894616064,1.9524781299451208,2677657547.0,8.060352497996277,0.6690994016165368,2002,0.0195170625774157,0.023205552216696068,1.0,1.9708765571978537,2.3476895871556103,Coupled expansion,True,Global South
Global_South,2004,3316.57176403516,2.020727434780296,2728350546.0,8.1066869272164,0.7034575628146968,2003,0.04633442922012243,0.03435816119816004,1.0,4.742464179605266,3.495522115635352,Relative decoupling,True,Global South
Global_South,2005,3425.8407919787073,2.070712633637124,2779728344.0,8.139102207278505,0.7278928154883817,2004,0.03241528006210537,0.02443525267368485,1.0,3.2946378283881472,2.473624002747421,Relative decoupling,True,Global South
Global_South,2006,3561.123565237025,2.1179941261564053,2832432926.0,8.177831382264928,0.75046947387811,2005,0.03872917498642359,0.022576658389728332,1.0,3.94889259229656,2.283343992364273,Relative decoupling,True,Global South
Global_South,2007,3693.138023612937,2.1744732879290822,2885692979.0,8.214231788541632,0.7767864687442257,2006,0.03640040627670338,0.026316994866115717,1.0,3.707101311075345,2.6666344856759228,Relative decoupling,True,Global South
Global_South,2008,3773.6314731693296,2.220512746114841,2940733311.0,8.235793072291782,0.7977381359338787,2007,0.02156128375015065,0.02095166718965291,1.0,2.179540787312484,2.1172694298583705,Relative decoupling,True,Global South
Global_South,2009,3700.198981583792,2.164707088177229,2996319888.0,8.216141875992719,0.7722850581569078,2008,-0.019651196299063756,-0.02545307777697081,1.0,-1.9459370133952714,-2.513187912803172,"Economic contraction, emissions falling",False,Global South
Global_South,2010,3854.089818569257,2.249875534152272,3050796720.0,8.256890153987973,0.8108748965316774,2009,0.040748277995254156,0.03858983837476959,1.0,4.158988144999509,3.934409714838516,Relative decoupling,True,Global South
Global_South,2011,3965.3312525201586,2.287322600268135,3107337067.0,8.285344674720607,0.8273819633648924,2010,0.02845452073263388,0.01650706683321501,1.0,2.8863217825109366,1.6644061214689643,Relative decoupling,True,Global South
Global_South,2012,4056.011557756712,2.3347771821719503,3161630136.0,8.307955394812499,0.8479164613735616,2011,0.022610720091892134,0.020534498008669133,1.0,2.286827996498886,2.074678136711139,Relative decoupling,True,Global South
Global_South,2013,4131.367861638761,2.341334587113303,3219937655.0,8.326363832485331,0.8507211031628411,2012,0.01840843767283218,0.0028046417892795272,1.0,1.8578917443649923,0.28085784765348176,Relative decoupling,True,Global South
Global_South,2014,4181.164717632462,2.358169973736149,3277634643.0,8.338345127287653,0.8578858833748322,2013,0.011981294802321685,0.007164780211991073,1.0,1.2053358030902794,0.7190508659252526,Relative decoupling,True,Global South
Global_South,2015,4210.573880229237,2.3390004795304873,3336350962.0,8.345354230980217,0.8497236926171929,2014,0.007009103692563912,-0.008162190757639243,1.0,0.70337249505521,-0.8128970523397117,Absolute decoupling,True,Global South
Global_South,2016,4225.677717741107,2.333632734677229,3393967175.0,8.348934933493458,0.8474261670172255,2015,0.003580702513241718,-0.0022975255999674316,1.0,0.3587120886961781,-0.22948883081612692,Absolute decoupling,True,Global South
Global_South,2017,4279.268995048175,2.3519865629044125,3451251775.0,8.36153747843913,0.8552603169692159,2016,0.012602544945671923,0.007834149951990388,1.0,1.2682291666985313,0.7864917197316412,Relative decoupling,True,Global South
Global_South,2018,4324.159993383464,2.337619552463832,3507894769.0,8.371973179319589,0.8491331263118942,2017,0.010435700880458754,-0.006127190657321702,1.0,1.0490342716765966,-0.6108457704298687,Absolute decoupling,True,Global South
Global_South,2019,4371.090238110663,2.373896091597042,3529991700.0,8.382767739379261,0.8645325258938684,2018,0.010794560059672165,0.015399399581974227,1.0,1.0853031524968193,1.5518581325594694,Coupled expansion,True,Global South
Global_South,2020,4119.318189417118,2.2628084713409713,3586752570.0,8.323442940643368,0.8166067282225512,2019,-0.05932479873589358,-0.047925797671317216,1.0,-5.759937109016677,-4.679548555191248,"Economic contraction, emissions falling",False,Global South
Global_South,2021,4287.472283904656,2.3517068847688485,3639811728.0,8.363452627057885,0.8551413984474181,2020,0.04000968641451763,0.038534670224866896,1.0,4.082085596580942,3.928676003903897,Relative decoupling,True,Global South
Global_South,2022,4437.055555059654,2.372262498502959,3696450079.0,8.397746272161388,0.8638441404859301,2021,0.03429364510350297,0.008702742038511957,1.0,3.4888452041204054,0.8740720991736506,Relative decoupling,True,Global South
Global_South,2023,4523.509176542838,2.3952462781682553,3730108708.0,8.417043338101482,0.8734860557091061,2022,0.01929706594009417,0.009641915223176034,1.0,1.948445774689378,0.9688548244471518,Relative decoupling,True,Global South
Global_South,2024,4642.079867901355,2.451624116491972,3737577526.0,8.442917792179983,0.8967507096229765,2023,0.025874454078500975,0.023264653913870448,1.0,2.621210364143467,2.353738688066387,Relative decoupling,True,Global South
India,1991,531.898397841583,0.731259551121608,883927600.0,6.276452489601572,-0.3129868191584869,1990,-0.0111649067870081,0.05164622826086107,1.0,-1.1102810529725282,5.300315385452392,"Economic contraction, emissions rising",False,India
India,1992,549.235069966802,0.741625955705735,902957070.0,6.3085265283132035,-0.298910265739761,1991,0.032074038711631836,0.014076553418725934,1.0,3.2593954401009873,1.4176094614049006,Relative decoupling,True,India
India,1993,563.372872328964,0.758847464560969,922118387.0,6.333941704352186,-0.2759544907413543,1992,0.025415176038982246,0.022955774998406675,1.0,2.5740895174477085,2.322128658353928,Relative decoupling,True,India
India,1994,588.727892188017,0.790350655307367,941163767.0,6.377964094201842,-0.23527856452341864,1993,0.04402238984965656,0.04067592621793567,1.0,4.500575214819302,4.1514523297016215,Relative decoupling,True,India
India,1995,620.6999543303791,0.829370336496271,960301044.0,6.430847799841997,-0.18708849682478676,1994,0.052883705640154766,0.04819006769863188,1.0,5.43070280287512,4.937008772862872,Relative decoupling,True,India
India,1996,654.355928429641,0.850777408846526,979678458.0,6.483651436488936,-0.1616047488452991,1995,0.052803636646938656,0.02548374797948766,1.0,5.422261410599027,2.5811234629743884,Relative decoupling,True,India
India,1997,667.598423095039,0.878441939789039,999133762.0,6.5036868297343196,-0.12960546370518447,1996,0.020035393245383837,0.03199928514011463,1.0,2.0237448902125754,3.2516767200036822,Coupled expansion,True,India
India,1998,695.293709344799,0.884093818156602,1018665080.0,6.544334359666948,-0.12319209283936434,1997,0.040647529932628323,0.0064133708658201255,1.0,4.148494857336904,0.6433980564407582,Relative decoupling,True,India
India,1999,742.53920839445,0.926189927757172,1038225823.0,6.610075675201123,-0.07667595979792902,1998,0.06574131553417484,0.04651613304143533,1.0,6.7950419246813665,4.761498014808363,Relative decoupling,True,India
India,2000,756.704109527449,0.942309744278839,1057922733.0,6.628972304540029,-0.059421242871138535,1999,0.018896629338906124,0.01725471692679048,1.0,1.9076300581657435,1.7404439455201315,Relative decoupling,True,India
India,2001,778.507377528365,0.939789720011458,1077898575.0,6.657378467823068,-0.0620991308586081,2000,0.02840616328303902,-0.0026778879874695613,1.0,2.881346582686306,-0.26743056438512935,Absolute decoupling,True,India
India,2002,793.615912906381,0.957620477500199,1097600380.0,6.676599607314973,-0.043303740777163646,2001,0.01922113949190507,0.01879539008144445,1.0,1.9407054851533712,1.8973135275967445,Relative decoupling,True,India
India,2003,841.278894571674,0.9697448826530112,1116803006.0,6.734923227556812,-0.030722249651481414,2002,0.0583236202418389,0.012581491125682232,1.0,6.005799643147425,1.2660971060750592,Relative decoupling,True,India
India,2004,892.596614581612,1.02822643182898,1135991513.0,6.794134759427068,0.027835407203404258,2003,0.05921153187025574,0.058557656854885676,1.0,6.099965224500958,6.030611784820761,Relative decoupling,True,India
India,2005,947.732565646672,1.05460489385527,1154676322.0,6.854072358708038,0.05316618858826517,2004,0.05993759928097031,0.02533078138486091,1.0,6.177028924863626,2.5654331779206174,Relative decoupling,True,India
India,2006,1008.23275343783,1.10810989189174,1172878890.0,6.915954328164906,0.10265576381474822,2005,0.06188196945686819,0.049489575226483055,1.0,6.38367720854629,5.073463848709681,Relative decoupling,True,India
India,2007,1069.24696813025,1.18862350046436,1190676021.0,6.97470991159236,0.17279591530499386,2006,0.05875558342745357,0.07014015149024563,1.0,6.051600137406443,7.2658505407950935,Coupled expansion,True,India
India,2008,1086.50605251513,1.25815998206335,1207930964.0,6.990722370334562,0.2296503219440777,2007,0.016012458742202362,0.05685440663908384,1.0,1.6141345170292976,5.8501688357856185,Coupled expansion,True,India
India,2009,1155.10163274172,1.32284533301467,1225524753.0,7.051943612800449,0.27978497203621683,2008,0.061221242465887116,0.05013465009213913,1.0,6.31340985793869,5.141265965655473,Relative decoupling,True,India
India,2010,1235.15939133951,1.39129863287623,1243481564.0,7.118955302547687,0.33023757924193087,2009,0.06701168974723792,0.05045260720571404,1.0,6.930797804152267,5.174701694381745,Relative decoupling,True,India
India,2011,1281.61054354933,1.46337391608571,1261224954.0,7.155872803144588,0.3807446711225998,2010,0.03691750059690069,0.05050709188066893,1.0,3.7607415314588444,5.180432259929613,Coupled expansion,True,India
India,2012,1333.09626557668,1.57607553513255,1278674502.0,7.195259534807989,0.4549379186707568,2011,0.03938673166340134,0.07419324754815698,1.0,4.0172673583633856,7.701491587898368,Coupled expansion,True,India
India,2013,1399.4537980287,1.59945855716817,1295829511.0,7.243837295212061,0.4696651702050422,2012,0.04857776040407202,0.014727251534285446,1.0,4.977699973025884,1.4836231839391978,Relative decoupling,True,India
India,2014,1484.31640682913,1.70517686000076,1312277191.0,7.3027096131498554,0.5336688355615986,2013,0.05887231793779435,0.06400366535655638,1.0,6.063980741627173,6.609630637743025,Coupled expansion,True,India
India,2015,1583.99815907985,1.71550269097521,1328024498.0,7.3677074101766316,0.5397061519395673,2014,0.0649977970267761,0.006037316377968671,1.0,6.715667346402587,0.60555777037965,Relative decoupling,True,India
India,2016,1694.46534973825,1.7202923565219,1343944296.0,7.435122542173674,0.5424942511033302,2015,0.06741513199704219,0.0027880991637628805,1.0,6.973946909292494,0.27919895269690187,Relative decoupling,True,India
India,2017,1788.69770318446,1.7954533987753103,1359657400.0,7.489243093928637,0.5852575798917672,2016,0.054120551754963664,0.04276332878843703,1.0,5.561185034604921,4.369085403911899,Relative decoupling,True,India
India,2018,1883.35772705062,1.85989309419052,1374659064.0,7.540811487804754,0.6205190098316316,2017,0.051568393876116225,0.035261429939864364,1.0,5.292119719147381,3.589048619093349,Relative decoupling,True,India
India,2019,1936.03067741067,1.83688223212799,1389030312.0,7.568395113480953,0.6080696953744421,2018,0.027583625676199652,-0.012449314457189442,1.0,2.7967575996587835,-1.2372142320655755,Absolute decoupling,True,India
India,2020,1806.50110583878,1.68040016064392,1402617695.0,7.499147162731864,0.5190319559117048,2019,-0.06924795074908907,-0.0890377394627373,1.0,-6.690471028337608,-8.518895155449824,"Economic contraction, emissions falling",False,India
India,2021,1965.30943437506,1.8370295169940605,1414203896.0,7.583404984870203,0.6081498741463924,2020,0.08425782213833877,0.08911791823468762,1.0,8.790934476762647,9.3209558067479,Coupled expansion,True,India
India,2022,2098.2112447615,1.96929618962877,1425423212.0,7.648840472524994,0.6776762147680248,2021,0.06543548765479112,0.06952634062163232,1.0,6.762386017278832,7.200029798712104,Coupled expansion,True,India
India,2023,2270.9051808027,2.09622858892568,1438069596.0,7.727933789055444,0.7401398201141763,2022,0.07909331653045015,0.062463605346151585,1.0,8.230531433493905,6.445571771549408,Relative decoupling,True,India
India,2024,2396.94999213544,2.17365173535787,1450935791.0,7.7819523715281615,0.7764085805388091,2023,0.05401858247271729,0.036268760424632784,1.0,5.550421585113807,3.6934495999727535,Relative decoupling,True,India
