region,year,population_region_recalc,n_countries_used,n_countries_in_map,population_with_population_data,n_countries_with_population,country_coverage_pct,population_coverage_pct
China,1990,1135185000.0,1,1,1135185000.0,1,100.0,100.0
China,1991,1150780000.0,1,1,1150780000.0,1,100.0,100.0
China,1992,1164970000.0,1,1,1164970000.0,1,100.0,100.0
China,1993,1178440000.0,1,1,1178440000.0,1,100.0,100.0
China,1994,1191835000.0,1,1,1191835000.0,1,100.0,100.0
China,1995,1204855000.0,1,1,1204855000.0,1,100.0,100.0
China,1996,1217550000.0,1,1,1217550000.0,1,100.0,100.0
China,1997,1230075000.0,1,1,1230075000.0,1,100.0,100.0
China,1998,1241935000.0,1,1,1241935000.0,1,100.0,100.0
China,1999,1252735000.0,1,1,1252735000.0,1,100.0,100.0
China,2000,1262645000.0,1,1,1262645000.0,1,100.0,100.0
China,2001,1271850000.0,1,1,1271850000.0,1,100.0,100.0
China,2002,1280400000.0,1,1,1280400000.0,1,100.0,100.0
China,2003,1288400000.0,1,1,1288400000.0,1,100.0,100.0
China,2004,1296075000.0,1,1,1296075000.0,1,100.0,100.0
China,2005,1303720000.0,1,1,1303720000.0,1,100.0,100.0
China,2006,1311020000.0,1,1,1311020000.0,1,100.0,100.0
China,2007,1317885000.0,1,1,1317885000.0,1,100.0,100.0
China,2008,1324655000.0,1,1,1324655000.0,1,100.0,100.0
China,2009,1331260000.0,1,1,1331260000.0,1,100.0,100.0
China,2010,1337705000.0,1,1,1337705000.0,1,100.0,100.0
China,2011,1345035000.0,1,1,1345035000.0,1,100.0,100.0
China,2012,1354190000.0,1,1,1354190000.0,1,100.0,100.0
China,2013,1363240000.0,1,1,1363240000.0,1,100.0,100.0
China,2014,1371860000.0,1,1,1371860000.0,1,100.0,100.0
China,2015,1379860000.0,1,1,1379860000.0,1,100.0,100.0
China,2016,1387790000.0,1,1,1387790000.0,1,100.0,100.0
China,2017,1396215000.0,1,1,1396215000.0,1,100.0,100.0
China,2018,1402760000.0,1,1,1402760000.0,1,100.0,100.0
China,2019,1407745000.0,1,1,1407745000.0,1,100.0,100.0
China,2020,1411100000.0,1,1,1411100000.0,1,100.0,100.0
China,2021,1412360000.0,1,1,1412360000.0,1,100.0,100.0
China,2022,1412175000.0,1,1,1412175000.0,1,100.0,100.0
China,2023,1410710000.0,1,1,1410710000.0,1,100.0,100.0
China,2024,1408975000.0,1,1,1408975000.0,1,100.0,100.0
DevelopedAsia_Oceania,1990,200488793.0,8,8,200488793.0,8,100.0,100.0
DevelopedAsia_Oceania,1991,202226573.0,8,8,202226573.0,8,100.0,100.0
DevelopedAsia_Oceania,1992,203708395.0,8,8,203708395.0,8,100.0,100.0
DevelopedAsia_Oceania,1993,205090107.0,8,8,205090107.0,8,100.0,100.0
DevelopedAsia_Oceania,1994,206495256.0,8,8,206495256.0,8,100.0,100.0
DevelopedAsia_Oceania,1995,207878179.0,8,8,207878179.0,8,100.0,100.0
DevelopedAsia_Oceania,1996,209451752.0,8,8,209451752.0,8,100.0,100.0
DevelopedAsia_Oceania,1997,210753555.0,8,8,210753555.0,8,100.0,100.0
DevelopedAsia_Oceania,1998,211973300.0,8,8,211973300.0,8,100.0,100.0
DevelopedAsia_Oceania,1999,213012664.0,8,8,213012664.0,8,100.0,100.0
DevelopedAsia_Oceania,2000,214150100.0,8,8,214150100.0,8,100.0,100.0
DevelopedAsia_Oceania,2001,215399577.0,8,8,215399577.0,8,100.0,100.0
DevelopedAsia_Oceania,2002,216461896.0,8,8,216461896.0,8,100.0,100.0
DevelopedAsia_Oceania,2003,217337193.0,8,8,217337193.0,8,100.0,100.0
DevelopedAsia_Oceania,2004,218077605.0,8,8,218077605.0,8,100.0,100.0
DevelopedAsia_Oceania,2005,218750867.0,8,8,218750867.0,8,100.0,100.0
DevelopedAsia_Oceania,2006,219738923.0,8,8,219738923.0,8,100.0,100.0
DevelopedAsia_Oceania,2007,220941959.0,8,8,220941959.0,8,100.0,100.0
DevelopedAsia_Oceania,2008,222273403.0,8,8,222273403.0,8,100.0,100.0
DevelopedAsia_Oceania,2009,223330061.0,8,8,223330061.0,8,100.0,100.0
DevelopedAsia_Oceania,2010,224268094.0,8,8,224268094.0,8,100.0,100.0
DevelopedAsia_Oceania,2011,225064350.0,8,8,225064350.0,8,100.0,100.0
DevelopedAsia_Oceania,2012,225911355.0,8,8,225911355.0,8,100.0,100.0
DevelopedAsia_Oceania,2013,226673584.0,8,8,226673584.0,8,100.0,100.0
DevelopedAsia_Oceania,2014,227551469.0,8,8,227551469.0,8,100.0,100.0
DevelopedAsia_Oceania,2015,228430644.0,8,8,228430644.0,8,100.0,100.0
DevelopedAsia_Oceania,2016,229341193.0,8,8,229341193.0,8,100.0,100.0
DevelopedAsia_Oceania,2017,230107252.0,8,8,230107252.0,8,100.0,100.0
DevelopedAsia_Oceania,2018,230892892.0,8,8,230892892.0,8,100.0,100.0
DevelopedAsia_Oceania,2019,231640417.0,8,8,231640417.0,8,100.0,100.0
DevelopedAsia_Oceania,2020,231886194.0,8,8,231886194.0,8,100.0,100.0
DevelopedAsia_Oceania,2021,231141710.0,8,8,231141710.0,8,100.0,100.0
DevelopedAsia_Oceania,2022,231115901.0,8,8,231115901.0,8,100.0,100.0
DevelopedAsia_Oceania,2023,232070739.0,8,8,232070739.0,8,100.0,100.0
DevelopedAsia_Oceania,2024,232433108.0,8,8,232433108.0,8,100.0,100.0
Europe_NorthAmerica,1990,989401372.0,42,53,1000301586.0,53,79.24528301886792,98.91030723608189
Europe_NorthAmerica,1991,995139504.0,42,53,1005776327.0,53,79.24528301886792,98.94242658984356
Europe_NorthAmerica,1992,1000544665.0,42,53,1011231057.0,53,79.24528301886792,98.94322945027983
Europe_NorthAmerica,1993,1005457661.0,42,53,1016193092.0,53,79.24528301886792,98.94356386748593
Europe_NorthAmerica,1994,1009711107.0,42,53,1020490008.0,53,79.24528301886792,98.9437524213368
Europe_NorthAmerica,1995,1013682295.0,42,53,1024498988.0,53,79.24528301886792,98.94419680968977
Europe_NorthAmerica,1996,1017463049.0,42,53,1028306006.0,53,79.24528301886792,98.9455515248639
Europe_NorthAmerica,1997,1021228390.0,42,53,1032078364.0,53,79.24528301886792,98.94872575780495
Europe_NorthAmerica,1998,1024831784.0,42,53,1035534688.0,53,79.24528301886792,98.96643694083572
Europe_NorthAmerica,1999,1028355017.0,42,53,1038824925.0,53,79.24528301886792,98.99213931548668
Europe_NorthAmerica,2000,1031486929.0,42,53,1041865534.0,53,79.24528301886792,99.00384409875296
Europe_NorthAmerica,2001,1034370123.0,42,53,1044759208.0,53,79.24528301886792,99.00560005401742
Europe_NorthAmerica,2002,1037528035.0,42,53,1047929791.0,53,79.24528301886792,99.00739953293302
Europe_NorthAmerica,2003,1041127966.0,42,53,1051516355.0,53,79.24528301886792,99.01205635550956
Europe_NorthAmerica,2004,1045175424.0,42,53,1055553173.0,53,79.24528301886792,99.01684261243749
Europe_NorthAmerica,2005,1049197042.0,42,53,1059554810.0,53,79.24528301886792,99.0224415101282
Europe_NorthAmerica,2006,1053494058.0,42,53,1063823031.0,53,79.24528301886792,99.02907037176186
Europe_NorthAmerica,2007,1058199498.0,42,53,1068499073.0,53,79.24528301886792,99.0360707594175
Europe_NorthAmerica,2008,1063145164.0,43,53,1073364529.0,53,81.13207547169812,99.04791292017812
Europe_NorthAmerica,2009,1067671146.0,43,53,1077861261.0,53,81.13207547169812,99.05459864189329
Europe_NorthAmerica,2010,1071762374.0,43,53,1081918884.0,53,81.13207547169812,99.06125032567599
Europe_NorthAmerica,2011,1074438017.0,43,53,1084543239.0,53,81.13207547169812,99.06825088787447
Europe_NorthAmerica,2012,1078694535.0,43,53,1088783378.0,53,81.13207547169812,99.07338381501265
Europe_NorthAmerica,2013,1082618705.0,43,53,1092684955.0,53,81.13207547169812,99.0787600804845
Europe_NorthAmerica,2014,1086826050.0,43,53,1096853568.0,53,81.13207547169812,99.08579246195241
Europe_NorthAmerica,2015,1091256062.0,43,53,1101223932.0,53,81.13207547169812,99.09483714344123
Europe_NorthAmerica,2016,1095833832.0,43,53,1105756356.0,53,81.13207547169812,99.10264825102213
Europe_NorthAmerica,2017,1099601985.0,43,53,1109505245.0,53,81.13207547169812,99.10741656746292
Europe_NorthAmerica,2018,1103207688.0,43,53,1113083508.0,53,81.13207547169812,99.11275120608471
Europe_NorthAmerica,2019,1106126365.0,43,53,1115960143.0,53,81.13207547169812,99.11880562565933
Europe_NorthAmerica,2020,1107402933.0,43,53,1117194373.0,53,81.13207547169812,99.12356880444115
Europe_NorthAmerica,2021,1106726544.0,43,53,1116450032.0,53,81.13207547169812,99.12907091931544
Europe_NorthAmerica,2022,1107082042.0,43,53,1116619018.0,53,81.13207547169812,99.14590600318792
Europe_NorthAmerica,2023,1109871354.0,43,53,1119284579.0,53,81.13207547169812,99.15899627524485
Europe_NorthAmerica,2024,1116232206.0,42,53,1125580007.0,53,79.24528301886792,99.16951252315555
Global_South,1990,2034770171.0,137,154,2078020211.0,154,88.96103896103897,97.91869011807219
Global_South,1991,2081380031.0,137,154,2125282161.0,154,88.96103896103897,97.93429169991514
Global_South,1992,2130050728.0,138,154,2173572103.0,154,89.6103896103896,97.99770272447226
Global_South,1993,2176408348.0,138,154,2222063215.0,154,89.6103896103896,97.94538397054559
Global_South,1994,2222265061.0,138,154,2269791865.0,154,89.6103896103896,97.90611620682674
Global_South,1995,2268814792.0,138,154,2317714267.0,154,89.6103896103896,97.8901853564851
Global_South,1996,2316106151.0,138,154,2366204332.0,154,89.6103896103896,97.88276184256432
Global_South,1997,2363513780.0,138,154,2414825726.0,154,89.6103896103896,97.87512840170893
Global_South,1998,2411657040.0,138,154,2464098224.0,154,89.6103896103896,97.87179003299342
Global_South,1999,2459985132.0,138,154,2513598034.0,154,89.6103896103896,97.86708529865122
Global_South,2000,2528870977.0,139,154,2563128915.0,154,90.25974025974025,98.66343289252777
Global_South,2001,2578078505.0,139,154,2612866010.0,154,90.25974025974025,98.66860738871182
Global_South,2002,2627787572.0,143,154,2662707844.0,154,92.85714285714286,98.68854286516309
Global_South,2003,2677657547.0,143,154,2713139634.0,154,92.85714285714286,98.69221301567556
Global_South,2004,2728350546.0,143,154,2764432274.0,154,92.85714285714286,98.69478705123814
Global_South,2005,2779728344.0,143,154,2816416948.0,154,92.85714285714286,98.69733052039567
Global_South,2006,2832432926.0,144,154,2869701545.0,154,93.5064935064935,98.70130679390911
Global_South,2007,2885692979.0,145,154,2923585449.0,154,94.15584415584416,98.70390413890722
Global_South,2008,2940733311.0,145,154,2979295383.0,154,94.15584415584416,98.70566469440939
Global_South,2009,2996319888.0,145,154,3035543696.0,154,94.15584415584416,98.7078490073562
Global_South,2010,3050796720.0,145,154,3090754953.0,154,94.15584415584416,98.7071691671572
Global_South,2011,3107337067.0,145,154,3148072014.0,154,94.15584415584416,98.70603509643855
Global_South,2012,3161630136.0,144,154,3206108202.0,154,93.5064935064935,98.61270851768964
Global_South,2013,3219937655.0,145,154,3264120069.0,154,94.15584415584416,98.64642191261255
Global_South,2014,3277634643.0,145,154,3322133766.0,154,94.15584415584416,98.66052585072217
Global_South,2015,3336350962.0,146,154,3380676829.0,154,94.8051948051948,98.68884636887604
Global_South,2016,3393967175.0,145,154,3438539778.0,154,94.15584415584416,98.70373455368531
Global_South,2017,3451251775.0,145,154,3495486043.0,154,94.15584415584416,98.73453169442394
Global_South,2018,3507894769.0,145,154,3552263998.0,154,94.15584415584416,98.7509591340908
Global_South,2019,3529991700.0,144,154,3610041718.0,154,93.5064935064935,97.78257360293475
Global_South,2020,3586752570.0,144,154,3668366339.0,154,93.5064935064935,97.77520123515669
Global_South,2021,3639811728.0,144,154,3722871707.0,154,93.5064935064935,97.76892717404618
Global_South,2022,3696450079.0,144,154,3781025808.0,154,93.5064935064935,97.76315388218053
Global_South,2023,3730108708.0,139,154,3840549733.0,154,90.25974025974025,97.1243433185871
Global_South,2024,3737577526.0,132,154,3900472140.0,154,85.71428571428571,95.82372061244872
India,1990,864972221.0,1,1,864972221.0,1,100.0,100.0
India,1991,883927600.0,1,1,883927600.0,1,100.0,100.0
India,1992,902957070.0,1,1,902957070.0,1,100.0,100.0
India,1993,922118387.0,1,1,922118387.0,1,100.0,100.0
India,1994,941163767.0,1,1,941163767.0,1,100.0,100.0
India,1995,960301044.0,1,1,960301044.0,1,100.0,100.0
India,1996,979678458.0,1,1,979678458.0,1,100.0,100.0
India,1997,999133762.0,1,1,999133762.0,1,100.0,100.0
India,1998,1018665080.0,1,1,1018665080.0,1,100.0,100.0
India,1999,1038225823.0,1,1,1038225823.0,1,100.0,100.0
India,2000,1057922733.0,1,1,1057922733.0,1,100.0,100.0
India,2001,1077898575.0,1,1,1077898575.0,1,100.0,100.0
India,2002,1097600380.0,1,1,1097600380.0,1,100.0,100.0
India,2003,1116803006.0,1,1,1116803006.0,1,100.0,100.0
India,2004,1135991513.0,1,1,1135991513.0,1,100.0,100.0
India,2005,1154676322.0,1,1,1154676322.0,1,100.0,100.0
India,2006,1172878890.0,1,1,1172878890.0,1,100.0,100.0
India,2007,1190676021.0,1,1,1190676021.0,1,100.0,100.0
India,2008,1207930964.0,1,1,1207930964.0,1,100.0,100.0
India,2009,1225524753.0,1,1,1225524753.0,1,100.0,100.0
India,2010,1243481564.0,1,1,1243481564.0,1,100.0,100.0
India,2011,1261224954.0,1,1,1261224954.0,1,100.0,100.0
India,2012,1278674502.0,1,1,1278674502.0,1,100.0,100.0
India,2013,1295829511.0,1,1,1295829511.0,1,100.0,100.0
India,2014,1312277191.0,1,1,1312277191.0,1,100.0,100.0
India,2015,1328024498.0,1,1,1328024498.0,1,100.0,100.0
India,2016,1343944296.0,1,1,1343944296.0,1,100.0,100.0
India,2017,1359657400.0,1,1,1359657400.0,1,100.0,100.0
India,2018,1374659064.0,1,1,1374659064.0,1,100.0,100.0
India,2019,1389030312.0,1,1,1389030312.0,1,100.0,100.0
India,2020,1402617695.0,1,1,1402617695.0,1,100.0,100.0
India,2021,1414203896.0,1,1,1414203896.0,1,100.0,100.0
India,2022,1425423212.0,1,1,1425423212.0,1,100.0,100.0
India,2023,1438069596.0,1,1,1438069596.0,1,100.0,100.0
India,2024,1450935791.0,1,1,1450935791.0,1,100.0,100.0
